canonical_term,display_label,type,category,source,source_detail,priority_tier,core_or_fringe,part_of_speech,phrase_pos,ui_tab,intent_tags,scenario_tags,allowed_for_generation,allowed_for_grid,requires_personalization,synonyms_or_variants,phrase_templates,notes,secondary_tabs
all done,All done,phrase,Actions,Faison SLP collected words,,Tier 1 - Phase I MVP,core,phrase,verb/action,core,refusal/protest,,Yes,Yes,No,,I don't want that; All done; Different,Typical 1 word expressions from Faison,actions
aren't,aren't,word,Negation/Repair,Marvin 330 preschool words,,Tier 1 - Phase I MVP,core,negation/repair,,more,general vocabulary,,Yes,Yes,No,,,Reference expansion from Marvin et al. 330 preschool words,
bad,Bad,word,Feelings,Faison SLP collected words; Marvin 330 preschool words,,Tier 1 - Phase I MVP,core,descriptor/adjective,,feelings,social,,Yes,Yes,No,,,Typical 1 word expressions from Faison; Reference expansion from Marvin et al. 330 preschool words,
bathroom,Bathroom,word,Places,Faison SLP collected words; Marvin 330 preschool words,,Tier 1 - Phase I MVP,fringe/personalizable,noun,,things,regulation/body need,,Yes,Yes,No,,I need ___; Help me; I need a break,Typical 1 word expressions from Faison; Reference expansion from Marvin et al. 330 preschool words,
break,Break,word,Actions,Faison SLP collected words,,Tier 1 - Phase I MVP,core,verb/action,,core,regulation/body need,,Yes,Yes,No,,I need ___; Help me; I need a break,Typical 1 word expressions from Faison,
can't,can't,word,Negation/Repair,Marvin 330 preschool words,,Tier 1 - Phase I MVP,core,negation/repair,,more,general vocabulary,,Yes,Yes,No,,,Reference expansion from Marvin et al. 330 preschool words,
close,Close,word,Actions,Faison SLP collected words,,Tier 1 - Phase I MVP,core,verb/action,,actions,general vocabulary,,Yes,Yes,No,,,Typical 1 word expressions from Faison,
couldn't,couldn't,word,Negation/Repair,Marvin 330 preschool words,,Tier 1 - Phase I MVP,core,negation/repair,,more,general vocabulary,,Yes,Yes,No,,,Reference expansion from Marvin et al. 330 preschool words,
drink,Drink,word,Actions,Faison SLP collected words; Marvin 330 preschool words,,Tier 1 - Phase I MVP,core,verb/action,,food,request,,Yes,Yes,No,,,Typical 1 word expressions from Faison; Reference expansion from Marvin et al. 330 preschool words,actions
eat,Eat,word,Actions,Faison SLP collected words; Marvin 330 preschool words,,Tier 1 - Phase I MVP,core,verb/action,,food,request,,Yes,Yes,No,,,Typical 1 word expressions from Faison; Reference expansion from Marvin et al. 330 preschool words,actions
feel,Feel,word,Actions,v1 app.js (orphan restore),,Tier 1 - Phase I MVP,core,verb/action,,actions,emotional expression,,Yes,Yes,No,,I feel ___,Restored from v1 app.js; key verb for emotional communication,
food,Food,word,Food/Drink,v1 app.js (orphan restore),,Tier 1 - Phase I MVP,core,noun,,food,request,,Yes,Yes,No,,I want food; I need food,Restored from v1 app.js; generic food noun; specific items exist in tier 2,
frustrated,Frustrated,word,Feelings,Faison SLP collected words,,Tier 1 - Phase I MVP,core,descriptor/adjective,,feelings,regulation/body need,,Yes,Yes,No,,I need ___; Help me; I need a break,Typical 1 word expressions from Faison,
go,Go,word,Actions,Faison SLP collected words; Marvin 330 preschool words,,Tier 1 - Phase I MVP,core,verb/action,,actions,general vocabulary,,Yes,Yes,No,,,Typical 1 word expressions from Faison; Reference expansion from Marvin et al. 330 preschool words,
good,Good,word,Descriptors,Faison SLP collected words; Marvin 330 preschool words,,Tier 1 - Phase I MVP,core,descriptor/adjective,,core,general vocabulary,,Yes,Yes,No,,,Typical 1 word expressions from Faison; Reference expansion from Marvin et al. 330 preschool words,describe
goodbye,Goodbye,word,Social,Faison SLP collected words,,Tier 1 - Phase I MVP,core,word,,core,social,,Yes,Yes,No,,My turn; I like this; Hi / Hello,Typical 1 word expressions from Faison,actions
happy,Happy,word,Feelings,Faison SLP collected words,,Tier 1 - Phase I MVP,core,descriptor/adjective,,feelings,emotional expression,,Yes,Yes,No,,,Typical 1 word expressions from Faison,
haven't,haven't,word,Negation/Repair,Marvin 330 preschool words,,Tier 1 - Phase I MVP,core,negation/repair,,more,general vocabulary,,Yes,Yes,No,,,Reference expansion from Marvin et al. 330 preschool words,
he,He,word,People/Pronouns/Possessives,Marvin 330 preschool words,,Tier 1 - Phase I MVP,core,pronoun/person,,people,general vocabulary,,Yes,Yes,No,,,Promoted from tier 3; separate male pronoun alongside he_she combined,
he/she,He/She,word,People/Pronouns/Possessives,v1 app.js (orphan restore),,Tier 1 - Phase I MVP,core,pronoun/person,,people,general vocabulary,,Yes,Yes,No,he; she,,Combined pronoun symbol restored from v1; he/she individually also available at tier 1,
hello,Hello,word,Social,Validation scenarios; Faison SLP collected words; Marvin 330 preschool words,,Tier 1 - Phase I MVP,core,word,,core,social,Greeting,Yes,Yes,No,Hi / Hello,My turn; I like this; Hi / Hello,Social initiation; Typical 1 word expressions from Faison; Reference expansion from Marvin et al. 330 preschool words,
help,Help,word,Actions,Faison SLP collected words; Marvin 330 preschool words,,Tier 1 - Phase I MVP,core,verb/action,,core,help-seeking,,Yes,Yes,No,,I need ___; Help me; I need a break,Typical 1 word expressions from Faison; Reference expansion from Marvin et al. 330 preschool words,actions
help me,Help me,phrase,Actions,Validation scenarios,,Tier 1 - Phase I MVP,core,phrase,verb/action,core,help-seeking,Frustration; Request help,Yes,Yes,No,Help me / I'm frustrated,,Emotional expression; Functional communication,actions
hi,Hi,word,Social,Validation scenarios; Marvin 330 preschool words,,Tier 1 - Phase I MVP,core,word,,core,social,Greeting,Yes,Yes,No,Hi / Hello,My turn; I like this; Hi / Hello,Social initiation; Reference expansion from Marvin et al. 330 preschool words,
i,I,word,People/Pronouns/Possessives,Faison SLP collected words; Marvin 330 preschool words,,Tier 1 - Phase I MVP,core,pronoun/person,,people,general vocabulary,,Yes,Yes,No,,,Typical 1 word expressions from Faison; Reference expansion from Marvin et al. 330 preschool words,
i need a break,I need a break,phrase,Actions,Validation scenarios,,Tier 1 - Phase I MVP,core,phrase,verb/action,core,regulation/body need,Overstimulated,Yes,Yes,No,Too loud / I need a break,,Sensory regulation,actions
i need the bathroom,I need the bathroom,phrase,Places,Validation scenarios,,Tier 1 - Phase I MVP,fringe/personalizable,phrase,verb/action,core,regulation/body need,Bathroom,Yes,Yes,No,,,"High priority, fast phrase",
i want water,I want water,phrase,Actions,Validation scenarios,,Tier 1 - Phase I MVP,core,phrase,verb/action,core,request,Drink request,Yes,Yes,No,,,"Basic needs, fast access",actions
know,know,word,Actions,Marvin 330 preschool words,,Tier 1 - Phase I MVP,core,verb/action,,actions,refusal/protest,,Yes,Yes,No,,,Reference expansion from Marvin et al. 330 preschool words,
mad,Mad,word,Feelings,Faison SLP collected words,,Tier 1 - Phase I MVP,core,descriptor/adjective,,feelings,regulation/body need; emotional expression,,Yes,Yes,No,,I need ___; Help me; I need a break,Typical 1 word expressions from Faison,
made,made,word,Actions,Marvin 330 preschool words,,Tier 1 - Phase I MVP,core,verb/action,,actions,regulation/body need; emotional expression,,Yes,Yes,No,,,Reference expansion from Marvin et al. 330 preschool words,
me,Me,word,People/Pronouns/Possessives,Faison SLP collected words; Marvin 330 preschool words,,Tier 1 - Phase I MVP,core,pronoun/person,,people,general vocabulary,,Yes,Yes,No,,,Typical 1 word expressions from Faison; Reference expansion from Marvin et al. 330 preschool words,
mine,Mine,word,People/Pronouns/Possessives,Faison SLP collected words; Marvin 330 preschool words,,Tier 1 - Phase I MVP,fringe/personalizable,pronoun/person,,people,general vocabulary,,Yes,Yes,No,,,Typical 1 word expressions from Faison; Reference expansion from Marvin et al. 330 preschool words,
more,More,word,Actions,Faison SLP collected words; Marvin 330 preschool words,,Tier 1 - Phase I MVP,core,word,,core,request,,Yes,Yes,No,,,Typical 1 word expressions from Faison; Reference expansion from Marvin et al. 330 preschool words,actions
my,My,word,People/Pronouns/Possessives,Faison SLP collected words; Marvin 330 preschool words,,Tier 1 - Phase I MVP,core,pronoun/person,,people,general vocabulary,,Yes,Yes,No,,,Typical 1 word expressions from Faison; Reference expansion from Marvin et al. 330 preschool words,
need,need,word,Actions,Marvin 330 preschool words,,Tier 1 - Phase I MVP,fringe/personalizable,verb/action,,core,general vocabulary,,Yes,Yes,No,,,Reference expansion from Marvin et al. 330 preschool words,actions
nervous,Nervous,word,Feelings,Faison SLP collected words,,Tier 1 - Phase I MVP,core,descriptor/adjective,,feelings,regulation/body need,,Yes,Yes,No,,I need ___; Help me; I need a break,Typical 1 word expressions from Faison,
no,No,word,Negation/Repair,Validation scenarios; Faison SLP collected words; Marvin 330 preschool words,,Tier 1 - Phase I MVP,core,negation/repair,,core,refusal/protest,Rejecting,Yes,Yes,No,No / I don't want that,I don't want that; All done; Different,Clear refusal; Typical 1 word expressions from Faison; Reference expansion from Marvin et al. 330 preschool words,
not,not,word,Negation/Repair,Marvin 330 preschool words,,Tier 1 - Phase I MVP,core,negation/repair,,more,refusal/protest,,Yes,Yes,No,,I don't want that; All done; Different,Reference expansion from Marvin et al. 330 preschool words,
ok,OK,word,Social,Faison SLP collected words; Marvin 330 preschool words,,Tier 1 - Phase I MVP,core,word,,core,social,,Yes,Yes,No,OK/Fine,,Variant from slash-delimited Faison row; Reference expansion from Marvin et al. 330 preschool words,
open,Open,word,Actions,Faison SLP collected words; Marvin 330 preschool words,,Tier 1 - Phase I MVP,core,verb/action,,actions,request,,Yes,Yes,No,,,Typical 1 word expressions from Faison; Reference expansion from Marvin et al. 330 preschool words,
play,Play,word,Actions,Faison SLP collected words; Marvin 330 preschool words,,Tier 1 - Phase I MVP,core,verb/action,,actions,request,,Yes,Yes,No,,My turn; I like this; Hi / Hello,Typical 1 word expressions from Faison; Reference expansion from Marvin et al. 330 preschool words,
sad,Sad,word,Feelings,Faison SLP collected words,,Tier 1 - Phase I MVP,core,descriptor/adjective,,feelings,emotional expression,,Yes,Yes,No,,,Typical 1 word expressions from Faison,
school,School,word,Places,v1 app.js (orphan restore),,Tier 1 - Phase I MVP,core,noun,,things,general vocabulary,,Yes,Yes,No,,I go to school; I like school,Restored from v1 app.js; checking with team why omitted from original list,
she,She,word,People/Pronouns/Possessives,Marvin 330 preschool words,,Tier 1 - Phase I MVP,core,pronoun/person,,people,general vocabulary,,Yes,Yes,No,,,Promoted from tier 3; separate female pronoun alongside he_she combined,
sick,Sick,word,Feelings,Faison SLP collected words,,Tier 1 - Phase I MVP,core,descriptor/adjective,,feelings,regulation/body need,,Yes,Yes,No,,I need ___; Help me; I need a break,Typical 1 word expressions from Faison,
space,Space,word,Regulation/Safety,Faison SLP collected words,,Tier 1 - Phase I MVP,core,noun,,core,regulation/body need,,Yes,Yes,No,,,Typical 1 word expressions from Faison,
stop,stop,word,Negation/Repair,Validation scenarios; Faison SLP collected words,,Tier 1 - Phase I MVP,core,negation/repair,,core,refusal/protest,Emotional escalation,Yes,Yes,No,I need help / stop,I need ___; Help me; I need a break,Safety + regulation; Typical 1 word expressions from Faison,
thank you,Thank You,phrase,Social,v1 app.js (orphan restore),,Tier 1 - Phase I MVP,core,phrase,word,core,social,,Yes,Yes,No,,Thank you!,Restored from v1 app.js; no gratitude expression existed in vocabulary,
that,That,word,Descriptors,Faison SLP collected words,,Tier 1 - Phase I MVP,core,word,,describe,general vocabulary,,Yes,Yes,No,,,Typical 1 word expressions from Faison,
tired,Tired,word,Feelings,Faison SLP collected words,,Tier 1 - Phase I MVP,fringe/personalizable,descriptor/adjective,,feelings,regulation/body need; description/labeling,,Yes,Yes,No,,I need ___; Help me; I need a break,Typical 1 word expressions from Faison,
too loud,Too loud,phrase,Regulation/Safety,Validation scenarios,,Tier 1 - Phase I MVP,core,phrase,descriptor/adjective,core,regulation/body need,Overstimulated,Yes,Yes,No,Too loud / I need a break,,Sensory regulation,
turn,Turn,word,Actions,Faison SLP collected words; Marvin 330 preschool words,,Tier 1 - Phase I MVP,core,verb/action,,actions,general vocabulary,,Yes,Yes,No,,My turn; I like this; Hi / Hello,Typical 1 word expressions from Faison; Reference expansion from Marvin et al. 330 preschool words,
want,Want,word,Actions,Faison SLP collected words; Marvin 330 preschool words,,Tier 1 - Phase I MVP,core,verb/action,,core,request,,Yes,Yes,No,,,Typical 1 word expressions from Faison; Reference expansion from Marvin et al. 330 preschool words,actions
water,Water,word,Food/Drink,Faison SLP collected words; Marvin 330 preschool words,,Tier 1 - Phase I MVP,fringe/personalizable,noun,,food,request,,Yes,Yes,No,Water/juice,I want ___; I need ___,Variant from slash-delimited Faison row; Reference expansion from Marvin et al. 330 preschool words,
won't,won't,word,Negation/Repair,Marvin 330 preschool words,,Tier 1 - Phase I MVP,core,negation/repair,,more,general vocabulary,,Yes,Yes,No,,,Reference expansion from Marvin et al. 330 preschool words,
yes,Yes,word,Actions,Faison SLP collected words; Marvin 330 preschool words,,Tier 1 - Phase I MVP,core,word,,core,general vocabulary,,Yes,Yes,No,,,Typical 1 word expressions from Faison; Reference expansion from Marvin et al. 330 preschool words,actions
you,You,word,People/Pronouns/Possessives,Faison SLP collected words; Marvin 330 preschool words,,Tier 1 - Phase I MVP,core,pronoun/person,,people,general vocabulary,,Yes,Yes,No,,,Typical 1 word expressions from Faison; Reference expansion from Marvin et al. 330 preschool words,
airplane,Airplane,word,Vehicles,Faison SLP collected words,,Tier 2 - Faison expansion,core,noun,,things,general vocabulary,,Yes,Yes,No,,,Typical 1 word expressions from Faison,
balloon,Balloon,word,Preferred Items,Faison SLP collected words,,Tier 2 - Faison expansion,fringe/personalizable,noun,,things,description/labeling,,Yes,Yes,Yes,,I want ___; I need ___,Typical 1 word expressions from Faison,
big,Big,word,Descriptors,Faison SLP collected words; Marvin 330 preschool words,,Tier 2 - Faison expansion,fringe/personalizable,descriptor/adjective,,describe,description/labeling,,Yes,Yes,No,,,Typical 1 word expressions from Faison; Reference expansion from Marvin et al. 330 preschool words,
black,Black,word,Descriptors,Faison SLP collected words; Marvin 330 preschool words,,Tier 2 - Faison expansion,fringe/personalizable,descriptor/adjective,,describe,description/labeling,,Yes,Yes,No,,,Typical 1 word expressions from Faison; Reference expansion from Marvin et al. 330 preschool words,
blue,Blue,word,Descriptors,Faison SLP collected words; Marvin 330 preschool words,,Tier 2 - Faison expansion,fringe/personalizable,descriptor/adjective,,describe,description/labeling,,Yes,Yes,No,,,Typical 1 word expressions from Faison; Reference expansion from Marvin et al. 330 preschool words,
boat,Boat,word,Vehicles,Faison SLP collected words,,Tier 2 - Faison expansion,fringe/personalizable,noun,,things,description/labeling,,Yes,Yes,No,,,Typical 1 word expressions from Faison,
books,Books,word,Social,Faison SLP collected words,,Tier 2 - Faison expansion,core,noun,,things,social,,Yes,Yes,No,,,Typical 1 word expressions from Faison,
bored,Bored,word,Feelings,AMIGA-AAC Meaning Room,,Tier 2 - Faison expansion,core,descriptor/adjective,,feelings,emotional expression,,Yes,Yes,No,,I feel bored; I am bored,Tier 2 feeling,
bubbles,Bubbles,word,Preferred Items,Faison SLP collected words,,Tier 2 - Faison expansion,fringe/personalizable,noun,,things,description/labeling,,Yes,Yes,Yes,,I want ___; I need ___,Typical 1 word expressions from Faison,
bus,Bus,word,Vehicles,Faison SLP collected words,,Tier 2 - Faison expansion,core,noun,,things,general vocabulary,,Yes,Yes,No,,,Typical 1 word expressions from Faison,
calm,Calm,word,Feelings,AMIGA-AAC Meaning Room,,Tier 2 - Faison expansion,core,descriptor/adjective,,feelings,emotional expression; regulation,,Yes,Yes,No,relaxed; peaceful,I feel calm; I am calm,Tier 2 feeling; regulation target state,
candy,Candy,word,Food/Drink,Faison SLP collected words; Marvin 330 preschool words,,Tier 2 - Faison expansion,fringe/personalizable,noun,,food,general vocabulary,,Yes,Yes,No,,I want ___; I need ___,Typical 1 word expressions from Faison; Reference expansion from Marvin et al. 330 preschool words,
car,Car,word,Vehicles,Faison SLP collected words; Marvin 330 preschool words,,Tier 2 - Faison expansion,fringe/personalizable,noun,,things,description/labeling,,Yes,Yes,Yes,,I want ___; I need ___,Typical 1 word expressions from Faison; Reference expansion from Marvin et al. 330 preschool words,
carrot,Carrot,word,Food/Drink,Faison SLP collected words,,Tier 2 - Faison expansion,fringe/personalizable,noun,,food,general vocabulary,,Yes,Yes,No,,I want ___; I need ___,Typical 1 word expressions from Faison,
chips,Chips,word,Food/Drink,Faison SLP collected words,,Tier 2 - Faison expansion,core,noun,,food,social,,Yes,Yes,No,,,Typical 1 word expressions from Faison,
classroom,Classroom,word,Places,Faison SLP collected words,,Tier 2 - Faison expansion,fringe/personalizable,noun,,things,general vocabulary,,Yes,Yes,No,,,Typical 1 word expressions from Faison,
coat,Coat,word,Clothing,Faison SLP collected words,,Tier 2 - Faison expansion,fringe/personalizable,noun,,things,description/labeling,,Yes,Yes,No,,I want ___; I need ___,Typical 1 word expressions from Faison,
confused,Confused,word,Feelings,AMIGA-AAC Meaning Room,,Tier 2 - Faison expansion,core,descriptor/adjective,,feelings,emotional expression,,Yes,Yes,No,,I feel confused; I am confused,Tier 2 feeling; important for self-advocacy,
cookie,Cookie,word,Food/Drink,Faison SLP collected words; Marvin 330 preschool words,,Tier 2 - Faison expansion,core,noun,,food,social,,Yes,Yes,No,,,Typical 1 word expressions from Faison; Reference expansion from Marvin et al. 330 preschool words,
dad,Dad,word,People/Pronouns/Possessives,Faison SLP collected words,,Tier 2 - Faison expansion,core,pronoun/person,,people,general vocabulary,,Yes,Yes,No,,,Typical 1 word expressions from Faison,
do,Do,word,Actions,Faison SLP collected words; Marvin 330 preschool words,,Tier 2 - Faison expansion,core,verb/action,,actions,general vocabulary,,Yes,Yes,No,,,Typical 1 word expressions from Faison; Reference expansion from Marvin et al. 330 preschool words,
dog,Dog,word,Preferred Items,Faison SLP collected words; Marvin 330 preschool words,,Tier 2 - Faison expansion,core,noun,,things,general vocabulary,,Yes,Yes,No,,,Typical 1 word expressions from Faison; Reference expansion from Marvin et al. 330 preschool words,
doll,Doll,word,Preferred Items,Faison SLP collected words,,Tier 2 - Faison expansion,core,noun,,things,general vocabulary,,Yes,Yes,No,,,Typical 1 word expressions from Faison,
down,Down,word,Descriptors,Faison SLP collected words; Marvin 330 preschool words,,Tier 2 - Faison expansion,core,location/preposition,,describe,general vocabulary,,Yes,Yes,No,,,Typical 1 word expressions from Faison; Reference expansion from Marvin et al. 330 preschool words,
ear,Ear,word,Body Parts,Faison SLP collected words,,Tier 2 - Faison expansion,fringe/personalizable,noun,,things,description/labeling,,Yes,Yes,No,,,Typical 1 word expressions from Faison,
excited,Excited,word,Feelings,AMIGA-AAC Meaning Room,,Tier 2 - Faison expansion,core,descriptor/adjective,,feelings,emotional expression,,Yes,Yes,No,hyped,I feel excited; I am excited,Tier 2 feeling; positive arousal state,
eye,Eye,word,Body Parts,Faison SLP collected words,,Tier 2 - Faison expansion,fringe/personalizable,noun,,things,description/labeling,,Yes,Yes,No,,,Typical 1 word expressions from Faison,
fast,Fast,word,Descriptors,Faison SLP collected words,,Tier 2 - Faison expansion,fringe/personalizable,descriptor/adjective,,describe,description/labeling,,Yes,Yes,No,,,Typical 1 word expressions from Faison,
fine,Fine,word,Feelings,Faison SLP collected words,,Tier 2 - Faison expansion,fringe/personalizable,descriptor/adjective,,feelings,general vocabulary,,Yes,Yes,No,OK/Fine,,Variant from slash-delimited Faison row,
fruit,Fruit,word,Food/Drink,Faison SLP collected words,,Tier 2 - Faison expansion,fringe/personalizable,noun,,food,general vocabulary,,Yes,Yes,No,,I want ___; I need ___,Typical 1 word expressions from Faison,
game,Game,word,Preferred Items,Faison SLP collected words,,Tier 2 - Faison expansion,fringe/personalizable,noun,,things,description/labeling,,Yes,Yes,Yes,Toy/Game,I want ___; I need ___,Variant from slash-delimited Faison row,
green,Green,word,Descriptors,Faison SLP collected words; Marvin 330 preschool words,,Tier 2 - Faison expansion,fringe/personalizable,descriptor/adjective,,describe,description/labeling,,Yes,Yes,No,,,Typical 1 word expressions from Faison; Reference expansion from Marvin et al. 330 preschool words,
gym,Gym,word,Places,Faison SLP collected words,,Tier 2 - Faison expansion,fringe/personalizable,noun,,things,general vocabulary,,Yes,Yes,No,,,Typical 1 word expressions from Faison,
hand,Hand,word,Body Parts,Faison SLP collected words; Marvin 330 preschool words,,Tier 2 - Faison expansion,fringe/personalizable,noun,,things,description/labeling,,Yes,Yes,No,,,Typical 1 word expressions from Faison; Reference expansion from Marvin et al. 330 preschool words,
hat,Hat,word,Clothing,Faison SLP collected words,,Tier 2 - Faison expansion,fringe/personalizable,noun,,things,description/labeling,,Yes,Yes,No,,I want ___; I need ___,Typical 1 word expressions from Faison,
help me / i'm frustrated,Help me / I'm frustrated,phrase,Actions,Validation scenarios,,Tier 2 - Faison expansion,core,phrase,verb/action,core,help-seeking; regulation/body need,Frustration,Yes,Yes,No,,,Emotional expression,
hi / hello,Hi / Hello,phrase,Social,Validation scenarios,,Tier 2 - Faison expansion,core,phrase,word,core,social,Greeting,Yes,Yes,No,,,Social initiation,
home,Home,word,Places,Faison SLP collected words; Marvin 330 preschool words,,Tier 2 - Faison expansion,fringe/personalizable,noun,,things,general vocabulary,,Yes,Yes,No,,,Typical 1 word expressions from Faison; Reference expansion from Marvin et al. 330 preschool words,
hug,Hug,word,Actions,Faison SLP collected words,,Tier 2 - Faison expansion,core,verb/action,,actions,general vocabulary,,Yes,Yes,No,,,Typical 1 word expressions from Faison,
i am tired,I am tired,phrase,Feelings,Validation scenarios,,Tier 2 - Faison expansion,fringe/personalizable,phrase,descriptor/adjective,feelings,regulation/body need; description/labeling,Tired,Yes,Yes,No,,,Simple expression,
i don't want that,I don't want that,phrase,Actions,Validation scenarios,,Tier 2 - Faison expansion,core,phrase,verb/action,core,request; refusal/protest,Rejecting,Yes,Yes,No,No / I don't want that,,Clear refusal,
i found something,I found something,phrase,Places,Validation scenarios,,Tier 2 - Faison expansion,fringe/personalizable,phrase,verb/action,actions,social,Sharing information,Yes,Yes,No,,,Expressive language,
i like this,I like this,phrase,Actions,Validation scenarios,,Tier 2 - Faison expansion,core,phrase,verb/action,actions,social,Happy,Yes,Yes,No,,,Positive emotion,
i need help,I need help,phrase,Actions,Validation scenarios,,Tier 2 - Faison expansion,core,phrase,verb/action,core,help-seeking,Emotional escalation,Yes,Yes,No,I need help / stop,,Safety + regulation,
i need help / stop,I need help / stop,phrase,Actions,Validation scenarios,,Tier 2 - Faison expansion,core,phrase,verb/action,actions,refusal/protest; help-seeking,Emotional escalation,Yes,Yes,No,,,Safety + regulation,
i want a jacket,I want a jacket,phrase,Actions,Validation scenarios,,Tier 2 - Faison expansion,core,phrase,verb/action,things,request,Request item,Yes,Yes,No,,,Basic request,
i want apple,I want apple,phrase,Actions,Validation scenarios,,Tier 2 - Faison expansion,core,phrase,verb/action,food,request,Choice selection,Yes,Yes,No,,,Decision making,
i want food,I want food,phrase,Actions,Validation scenarios,,Tier 2 - Faison expansion,core,phrase,verb/action,food,request,Snack request,Yes,Yes,No,,,Simple AAC (≤100 words),
i'm frustrated,I'm frustrated,phrase,Feelings,Validation scenarios,,Tier 2 - Faison expansion,core,phrase,descriptor/adjective,feelings,regulation/body need,Frustration,Yes,Yes,No,Help me / I'm frustrated,,Emotional expression,
in,In,word,Descriptors,Faison SLP collected words; Marvin 330 preschool words,,Tier 2 - Faison expansion,fringe/personalizable,location/preposition,,describe,general vocabulary,,Yes,Yes,No,,,Typical 1 word expressions from Faison; Reference expansion from Marvin et al. 330 preschool words,
ipad,iPad,word,Preferred Items,Faison SLP collected words,,Tier 2 - Faison expansion,fringe/personalizable,noun,,things,description/labeling,,Yes,Yes,Yes,,I want ___; I need ___,Typical 1 word expressions from Faison,
jacket,Jacket,word,Clothing,Faison SLP collected words,,Tier 2 - Faison expansion,fringe/personalizable,noun,,things,request; description/labeling,,Yes,Yes,No,,I want ___; I need ___,Typical 1 word expressions from Faison,
juice,juice,word,Food/Drink,Faison SLP collected words; Marvin 330 preschool words,,Tier 2 - Faison expansion,fringe/personalizable,noun,,food,general vocabulary,,Yes,Yes,No,Water/juice,I want ___; I need ___,Variant from slash-delimited Faison row; Reference expansion from Marvin et al. 330 preschool words,
jump,Jump,word,Actions,Faison SLP collected words; Marvin 330 preschool words,,Tier 2 - Faison expansion,core,verb/action,,actions,general vocabulary,,Yes,Yes,No,,,Typical 1 word expressions from Faison; Reference expansion from Marvin et al. 330 preschool words,
leg,Leg,word,Body Parts,Faison SLP collected words,,Tier 2 - Faison expansion,fringe/personalizable,noun,,things,description/labeling,,Yes,Yes,No,,,Typical 1 word expressions from Faison,
like,Like,word,Actions,Faison SLP collected words; Marvin 330 preschool words,,Tier 2 - Faison expansion,core,verb/action,,actions,general vocabulary,,Yes,Yes,No,,,Typical 1 word expressions from Faison; Reference expansion from Marvin et al. 330 preschool words,
little,Little,word,Descriptors,Faison SLP collected words; Marvin 330 preschool words,,Tier 2 - Faison expansion,fringe/personalizable,descriptor/adjective,,describe,description/labeling,,Yes,Yes,No,,,Typical 1 word expressions from Faison; Reference expansion from Marvin et al. 330 preschool words,
look at me,Look at me,phrase,Actions,Validation scenarios,,Tier 2 - Faison expansion,core,phrase,verb/action,actions,social,Attention seeking,Yes,Yes,No,,,Social bid,
make,Make,word,Actions,Faison SLP collected words; Marvin 330 preschool words,,Tier 2 - Faison expansion,core,verb/action,,actions,general vocabulary,,Yes,Yes,No,,,Typical 1 word expressions from Faison; Reference expansion from Marvin et al. 330 preschool words,
mom,Mom,word,People/Pronouns/Possessives,Faison SLP collected words; Marvin 330 preschool words,,Tier 2 - Faison expansion,core,pronoun/person,,people,general vocabulary,,Yes,Yes,No,,,Typical 1 word expressions from Faison; Reference expansion from Marvin et al. 330 preschool words,
mouth,Mouth,word,Body Parts,Faison SLP collected words,,Tier 2 - Faison expansion,fringe/personalizable,noun,,things,general vocabulary,,Yes,Yes,No,,,Typical 1 word expressions from Faison,
music,Music,word,Preferred Items,Faison SLP collected words,,Tier 2 - Faison expansion,fringe/personalizable,noun,,things,description/labeling,,Yes,Yes,Yes,,I want ___; I need ___,Typical 1 word expressions from Faison,
my turn,My turn,phrase,Actions,Validation scenarios,,Tier 2 - Faison expansion,core,phrase,noun,actions,social,Turn taking,Yes,Yes,No,,My turn; I like this; Hi / Hello,Social interaction,
no / i don't want that,No / I don't want that,phrase,Negation/Repair,Validation scenarios,,Tier 2 - Faison expansion,core,phrase,negation/repair,core,request; refusal/protest,Rejecting,Yes,Yes,No,,,Clear refusal,
nose,Nose,word,Body Parts,Faison SLP collected words,,Tier 2 - Faison expansion,fringe/personalizable,noun,,things,refusal/protest; description/labeling,,Yes,Yes,No,,,Typical 1 word expressions from Faison,
off,Off,word,Descriptors,Faison SLP collected words; Marvin 330 preschool words,,Tier 2 - Faison expansion,fringe/personalizable,location/preposition,,describe,general vocabulary,,Yes,Yes,No,,,Typical 1 word expressions from Faison; Reference expansion from Marvin et al. 330 preschool words,
ok/fine,OK/Fine,phrase,Social,Faison SLP collected words,,Tier 2 - Faison expansion,fringe/personalizable,phrase,word,core,general vocabulary,,Yes,Yes,No,,,Typical 1 word expressions from Faison,
one more minute,One more minute,phrase,Regulation/Safety,Validation scenarios,,Tier 2 - Faison expansion,core,phrase,noun,core,request,Transition resistance,Yes,Yes,No,,,Negotiation,
orange,Orange,word,Descriptors,Faison SLP collected words,,Tier 2 - Faison expansion,fringe/personalizable,descriptor/adjective,,describe,description/labeling,,Yes,Yes,No,,,Typical 1 word expressions from Faison,
out,Out,word,Descriptors,Faison SLP collected words; Marvin 330 preschool words,,Tier 2 - Faison expansion,fringe/personalizable,location/preposition,,describe,general vocabulary,,Yes,Yes,No,,,Typical 1 word expressions from Faison; Reference expansion from Marvin et al. 330 preschool words,
pants,Pants,word,Clothing,Faison SLP collected words,,Tier 2 - Faison expansion,fringe/personalizable,noun,,things,description/labeling,,Yes,Yes,No,,I want ___; I need ___,Typical 1 word expressions from Faison,
pink,Pink,word,Descriptors,Faison SLP collected words,,Tier 2 - Faison expansion,fringe/personalizable,descriptor/adjective,,describe,general vocabulary,,Yes,Yes,No,,,Typical 1 word expressions from Faison,
play doh,Play doh,word,Preferred Items,Faison SLP collected words,,Tier 2 - Faison expansion,core,noun,,things,request,,Yes,Yes,No,,,Typical 1 word expressions from Faison,
playground,Playground,word,Places,Faison SLP collected words,,Tier 2 - Faison expansion,core,noun,,things,request,,Yes,Yes,No,,,Typical 1 word expressions from Faison,
popcorn,Popcorn,word,Food/Drink,Faison SLP collected words,,Tier 2 - Faison expansion,fringe/personalizable,noun,,food,general vocabulary,,Yes,Yes,No,,I want ___; I need ___,Typical 1 word expressions from Faison,
pretzel,Pretzel,word,Food/Drink,Faison SLP collected words,,Tier 2 - Faison expansion,fringe/personalizable,noun,,food,general vocabulary,,Yes,Yes,No,,I want ___; I need ___,Typical 1 word expressions from Faison,
purple,Purple,word,Descriptors,Faison SLP collected words,,Tier 2 - Faison expansion,fringe/personalizable,descriptor/adjective,,describe,description/labeling,,Yes,Yes,No,,,Typical 1 word expressions from Faison,
push,Push,word,Actions,Faison SLP collected words; Marvin 330 preschool words,,Tier 2 - Faison expansion,core,verb/action,,actions,general vocabulary,,Yes,Yes,No,,,Typical 1 word expressions from Faison; Reference expansion from Marvin et al. 330 preschool words,
put,Put,word,Actions,Faison SLP collected words; Marvin 330 preschool words,,Tier 2 - Faison expansion,core,verb/action,,actions,general vocabulary,,Yes,Yes,No,,,Typical 1 word expressions from Faison; Reference expansion from Marvin et al. 330 preschool words,
puzzle,Puzzle,word,Preferred Items,Faison SLP collected words,,Tier 2 - Faison expansion,fringe/personalizable,noun,,things,description/labeling,,Yes,Yes,Yes,,I want ___; I need ___,Typical 1 word expressions from Faison,
read,Read,word,Actions,Faison SLP collected words,,Tier 2 - Faison expansion,core,verb/action,,actions,general vocabulary,,Yes,Yes,No,,,Typical 1 word expressions from Faison,
red,Red,word,Descriptors,Faison SLP collected words; Marvin 330 preschool words,,Tier 2 - Faison expansion,fringe/personalizable,descriptor/adjective,,describe,description/labeling,,Yes,Yes,No,,,Typical 1 word expressions from Faison; Reference expansion from Marvin et al. 330 preschool words,
rice,Rice,word,Food/Drink,Faison SLP collected words,,Tier 2 - Faison expansion,fringe/personalizable,noun,,food,general vocabulary,,Yes,Yes,No,,I want ___; I need ___,Typical 1 word expressions from Faison,
run,Run,word,Actions,Faison SLP collected words; Marvin 330 preschool words,,Tier 2 - Faison expansion,core,verb/action,,actions,general vocabulary,,Yes,Yes,No,,,Typical 1 word expressions from Faison; Reference expansion from Marvin et al. 330 preschool words,
sand,Sand,word,Preferred Items,Faison SLP collected words,,Tier 2 - Faison expansion,fringe/personalizable,noun,,things,description/labeling,,Yes,Yes,Yes,,I want ___; I need ___,Typical 1 word expressions from Faison,
scared,Scared,word,Feelings,AMIGA-AAC Meaning Room,,Tier 2 - Faison expansion,core,descriptor/adjective,,feelings,emotional expression,,Yes,Yes,No,afraid; frightened,I feel scared; I am scared,Tier 2 feeling; important for ASD emotional communication,
see,See,word,Actions,Faison SLP collected words; Marvin 330 preschool words,,Tier 2 - Faison expansion,core,verb/action,,actions,general vocabulary,,Yes,Yes,No,,,Typical 1 word expressions from Faison; Reference expansion from Marvin et al. 330 preschool words,
shirt,Shirt,word,Clothing,Faison SLP collected words,,Tier 2 - Faison expansion,core,noun,,things,social,,Yes,Yes,No,,,Typical 1 word expressions from Faison,
shoe,Shoe,word,Clothing,Faison SLP collected words,,Tier 2 - Faison expansion,fringe/personalizable,noun,,things,description/labeling,,Yes,Yes,No,,I want ___; I need ___,Typical 1 word expressions from Faison,
sleep,Sleep,word,Actions,Faison SLP collected words,,Tier 2 - Faison expansion,core,verb/action,,actions,general vocabulary,,Yes,Yes,No,,,Typical 1 word expressions from Faison,
slide,Slide,word,Actions,Faison SLP collected words,,Tier 2 - Faison expansion,core,verb/action,,things,general vocabulary,,Yes,Yes,No,,,Typical 1 word expressions from Faison,actions
slow,Slow,word,Descriptors,Faison SLP collected words,,Tier 2 - Faison expansion,fringe/personalizable,descriptor/adjective,,describe,description/labeling,,Yes,Yes,No,,,Typical 1 word expressions from Faison,
sock,Sock,word,Clothing,Faison SLP collected words,,Tier 2 - Faison expansion,fringe/personalizable,noun,,things,description/labeling,,Yes,Yes,No,,I want ___; I need ___,Typical 1 word expressions from Faison,
spin,Spin,word,Actions,Faison SLP collected words,,Tier 2 - Faison expansion,core,verb/action,,actions,general vocabulary,,Yes,Yes,No,,,Typical 1 word expressions from Faison,
squeeze,squeeze,word,Actions,Faison SLP collected words,,Tier 2 - Faison expansion,core,verb/action,,actions,general vocabulary,,Yes,Yes,No,Tickle/squeeze,,Variant from slash-delimited Faison row,
stomach,stomach,word,Body Parts,Faison SLP collected words,,Tier 2 - Faison expansion,fringe/personalizable,noun,,things,description/labeling,,Yes,Yes,No,Tummy/stomach,,Variant from slash-delimited Faison row,
surprised,Surprised,word,Feelings,AMIGA-AAC Meaning Room,,Tier 2 - Faison expansion,core,descriptor/adjective,,feelings,emotional expression,,Yes,Yes,No,,I feel surprised; I am surprised,Tier 2 feeling,
swing,Swing,word,Actions,Faison SLP collected words,,Tier 2 - Faison expansion,core,verb/action,,things,general vocabulary,,Yes,Yes,No,,,Typical 1 word expressions from Faison,actions
take,Take,word,Actions,Faison SLP collected words,,Tier 2 - Faison expansion,core,verb/action,,actions,general vocabulary,,Yes,Yes,No,,,Typical 1 word expressions from Faison,
that's funny,That's funny,phrase,Social,Validation scenarios,,Tier 2 - Faison expansion,core,phrase,descriptor/adjective,core,social,Commenting,Yes,Yes,No,,,Social commenting,actions
their,Their,word,People/Pronouns/Possessives,Faison SLP collected words; Marvin 330 preschool words,,Tier 2 - Faison expansion,core,pronoun/person,,people,general vocabulary,,Yes,Yes,No,,,Typical 1 word expressions from Faison; Reference expansion from Marvin et al. 330 preschool words,
them,Them,word,People/Pronouns/Possessives,Faison SLP collected words; Marvin 330 preschool words,,Tier 2 - Faison expansion,core,pronoun/person,,people,general vocabulary,,Yes,Yes,No,,,Typical 1 word expressions from Faison; Reference expansion from Marvin et al. 330 preschool words,
tickle,Tickle,word,Actions,Faison SLP collected words,,Tier 2 - Faison expansion,core,verb/action,,actions,general vocabulary,,Yes,Yes,No,Tickle/squeeze,,Variant from slash-delimited Faison row,
tickle/squeeze,Tickle/squeeze,phrase,Actions,Faison SLP collected words,,Tier 2 - Faison expansion,core,phrase,verb/action,actions,general vocabulary,,Yes,Yes,Yes,,,Typical 1 word expressions from Faison,
too loud / i need a break,Too loud / I need a break,phrase,Regulation/Safety,Validation scenarios,,Tier 2 - Faison expansion,core,phrase,descriptor/adjective,core,regulation/body need,Overstimulated,Yes,Yes,No,,,Sensory regulation,
toy,Toy,word,Preferred Items,Faison SLP collected words,,Tier 2 - Faison expansion,fringe/personalizable,noun,,things,description/labeling,,Yes,Yes,Yes,Toy/Game,I want ___; I need ___,Variant from slash-delimited Faison row,
toy/game,Toy/Game,word,Preferred Items,Faison SLP collected words,,Tier 2 - Faison expansion,fringe/personalizable,noun,,things,description/labeling,,Yes,Yes,Yes,,I want ___; I need ___,Typical 1 word expressions from Faison,
train,Train,word,Vehicles,Faison SLP collected words,,Tier 2 - Faison expansion,fringe/personalizable,noun,,things,general vocabulary,,Yes,Yes,No,,,Typical 1 word expressions from Faison,
trampoline,Trampoline,word,Preferred Items,Faison SLP collected words,,Tier 2 - Faison expansion,fringe/personalizable,noun,,things,general vocabulary,,Yes,Yes,No,,,Typical 1 word expressions from Faison,
tummy,Tummy,word,Body Parts,Faison SLP collected words,,Tier 2 - Faison expansion,core,noun,,things,general vocabulary,,Yes,Yes,No,Tummy/stomach,,Variant from slash-delimited Faison row,
tummy/stomach,Tummy/stomach,word,Body Parts,Faison SLP collected words,,Tier 2 - Faison expansion,core,noun,,things,general vocabulary,,Yes,Yes,No,,,Typical 1 word expressions from Faison,
up,Up,word,Descriptors,Faison SLP collected words; Marvin 330 preschool words,,Tier 2 - Faison expansion,fringe/personalizable,location/preposition,,describe,general vocabulary,,Yes,Yes,No,,,Typical 1 word expressions from Faison; Reference expansion from Marvin et al. 330 preschool words,
walk,Walk,word,Actions,Faison SLP collected words,,Tier 2 - Faison expansion,core,verb/action,,actions,general vocabulary,,Yes,Yes,No,,,Typical 1 word expressions from Faison,
want help,Want help,phrase,Actions,Faison SLP collected words,,Tier 2 - Faison expansion,core,phrase,verb/action,actions,request; help-seeking,,Yes,Yes,No,Want help / want item,,Variant from slash-delimited Faison row,
want help / want item,Want help / want item,phrase,Actions,Faison SLP collected words,,Tier 2 - Faison expansion,core,phrase,verb/action,actions,request; help-seeking,,Yes,Yes,No,,,Restrict outputs to simple words only,
want item,want item,phrase,Actions,Faison SLP collected words,,Tier 2 - Faison expansion,core,phrase,verb/action,actions,request,,Yes,Yes,No,Want help / want item,,Variant from slash-delimited Faison row,
water/juice,Water/juice,word,Food/Drink,Faison SLP collected words,,Tier 2 - Faison expansion,fringe/personalizable,noun,,food,request,,Yes,Yes,Yes,,I want ___; I need ___,Typical 1 word expressions from Faison,
white,White,word,Descriptors,Faison SLP collected words,,Tier 2 - Faison expansion,core,descriptor/adjective,,describe,social,,Yes,Yes,No,,,Typical 1 word expressions from Faison,
work,Work,word,Actions,Faison SLP collected words,,Tier 2 - Faison expansion,core,verb/action,,actions,general vocabulary,,Yes,Yes,No,,,Typical 1 word expressions from Faison,
worried,Worried,word,Feelings,AMIGA-AAC Meaning Room,,Tier 2 - Faison expansion,core,descriptor/adjective,,feelings,emotional expression,,Yes,Yes,No,anxious,I feel worried; I am worried,Tier 2 feeling; anxiety expression,
yellow,Yellow,word,Descriptors,Faison SLP collected words,,Tier 2 - Faison expansion,fringe/personalizable,descriptor/adjective,,describe,description/labeling,,Yes,Yes,No,,,Typical 1 word expressions from Faison,
your,Your,word,People/Pronouns/Possessives,Faison SLP collected words; Marvin 330 preschool words,,Tier 2 - Faison expansion,core,pronoun/person,,people,general vocabulary,,Yes,Yes,No,,,Typical 1 word expressions from Faison; Reference expansion from Marvin et al. 330 preschool words,
a,a,word,Function/Core,Marvin 330 preschool words,,Tier 3 - Reference expansion,core,word,,more,general vocabulary,,Yes,No,No,,,Reference expansion from Marvin et al. 330 preschool words,
about,about,word,Descriptors,Marvin 330 preschool words,,Tier 3 - Reference expansion,fringe/personalizable,location/preposition,,more,general vocabulary,,Yes,No,No,,,Reference expansion from Marvin et al. 330 preschool words,
after,after,word,Uncategorized,Marvin 330 preschool words,,Tier 3 - Reference expansion,fringe/personalizable,word,,more,general vocabulary,,Yes,No,No,,,Reference expansion from Marvin et al. 330 preschool words,
again,again,word,Function/Core,Marvin 330 preschool words,,Tier 3 - Reference expansion,fringe/personalizable,location/preposition,,more,general vocabulary,,Yes,No,No,,,Reference expansion from Marvin et al. 330 preschool words,
all,all,word,Uncategorized,Marvin 330 preschool words,,Tier 3 - Reference expansion,fringe/personalizable,word,,more,general vocabulary,,Yes,No,No,,,Reference expansion from Marvin et al. 330 preschool words,
almost,almost,word,Uncategorized,Marvin 330 preschool words,,Tier 3 - Reference expansion,fringe/personalizable,word,,more,general vocabulary,,Yes,No,No,,,Reference expansion from Marvin et al. 330 preschool words,
already,already,word,Function/Core,Marvin 330 preschool words,,Tier 3 - Reference expansion,core,verb/action,,more,general vocabulary,,Yes,No,No,,,Reference expansion from Marvin et al. 330 preschool words,
also,also,word,Uncategorized,Marvin 330 preschool words,,Tier 3 - Reference expansion,fringe/personalizable,word,,more,general vocabulary,,Yes,No,No,,,Reference expansion from Marvin et al. 330 preschool words,
an,an,word,Function/Core,Marvin 330 preschool words,,Tier 3 - Reference expansion,core,word,,more,general vocabulary,,Yes,No,No,,,Reference expansion from Marvin et al. 330 preschool words,
and,and,word,Function/Core,Marvin 330 preschool words,,Tier 3 - Reference expansion,core,word,,more,general vocabulary,,Yes,No,No,,,Reference expansion from Marvin et al. 330 preschool words,
another,another,word,Function/Core,Marvin 330 preschool words,,Tier 3 - Reference expansion,core,word,,more,refusal/protest,,Yes,No,No,,,Reference expansion from Marvin et al. 330 preschool words,
ant,ant,word,Preferred Items,Marvin 330 preschool words,,Tier 3 - Reference expansion,fringe/personalizable,noun,,things,general vocabulary,,Yes,No,No,,,Reference expansion from Marvin et al. 330 preschool words,
any,any,word,Function/Core,Marvin 330 preschool words,,Tier 3 - Reference expansion,fringe/personalizable,word,,more,general vocabulary,,Yes,No,No,,,Reference expansion from Marvin et al. 330 preschool words,
are,are,word,Function/Core,Marvin 330 preschool words,,Tier 3 - Reference expansion,core,verb/action,,more,general vocabulary,,Yes,No,No,,,Reference expansion from Marvin et al. 330 preschool words,
around,around,word,Descriptors,Marvin 330 preschool words,,Tier 3 - Reference expansion,fringe/personalizable,location/preposition,,more,general vocabulary,,Yes,No,No,,,Reference expansion from Marvin et al. 330 preschool words,
as,as,word,Function/Core,Marvin 330 preschool words,,Tier 3 - Reference expansion,core,word,,more,general vocabulary,,Yes,No,No,,,Reference expansion from Marvin et al. 330 preschool words,
at,at,word,Function/Core,Marvin 330 preschool words,,Tier 3 - Reference expansion,core,location/preposition,,more,general vocabulary,,Yes,No,No,,,Reference expansion from Marvin et al. 330 preschool words,
away,away,word,Function/Core,Marvin 330 preschool words,,Tier 3 - Reference expansion,fringe/personalizable,location/preposition,,more,general vocabulary,,Yes,No,No,,,Reference expansion from Marvin et al. 330 preschool words,
baby,baby,word,People/Pronouns/Possessives,Marvin 330 preschool words,,Tier 3 - Reference expansion,fringe/personalizable,pronoun/person,,people,general vocabulary,,Yes,No,No,,,Reference expansion from Marvin et al. 330 preschool words,
back,back,word,Descriptors,Marvin 330 preschool words,,Tier 3 - Reference expansion,fringe/personalizable,location/preposition,,more,general vocabulary,,Yes,No,No,,,Reference expansion from Marvin et al. 330 preschool words,
ball,ball,word,Preferred Items,Marvin 330 preschool words,,Tier 3 - Reference expansion,fringe/personalizable,noun,,things,description/labeling,,Yes,No,Yes,,I want ___; I need ___,Reference expansion from Marvin et al. 330 preschool words,
be,be,word,Function/Core,Marvin 330 preschool words,,Tier 3 - Reference expansion,core,verb/action,,more,general vocabulary,,Yes,No,No,,,Reference expansion from Marvin et al. 330 preschool words,
bean,bean,word,Preferred Items,Marvin 330 preschool words,,Tier 3 - Reference expansion,fringe/personalizable,noun,,things,general vocabulary,,Yes,No,No,,I want ___; I need ___,Reference expansion from Marvin et al. 330 preschool words,
because,because,word,Function/Core,Marvin 330 preschool words,,Tier 3 - Reference expansion,core,verb/action,,more,general vocabulary,,Yes,No,No,,,Reference expansion from Marvin et al. 330 preschool words,
before,before,word,Descriptors,Marvin 330 preschool words,,Tier 3 - Reference expansion,fringe/personalizable,location/preposition,,more,general vocabulary,,Yes,No,No,,,Reference expansion from Marvin et al. 330 preschool words,
being,being,word,Function/Core,Marvin 330 preschool words,,Tier 3 - Reference expansion,fringe/personalizable,location/preposition,,more,general vocabulary,,Yes,No,No,,,Reference expansion from Marvin et al. 330 preschool words,
bet,bet,word,Uncategorized,Marvin 330 preschool words,,Tier 3 - Reference expansion,fringe/personalizable,word,,more,general vocabulary,,Yes,No,No,,,Reference expansion from Marvin et al. 330 preschool words,
better,better,word,Descriptors,Marvin 330 preschool words,,Tier 3 - Reference expansion,fringe/personalizable,descriptor/adjective,,more,general vocabulary,,Yes,No,No,,,Reference expansion from Marvin et al. 330 preschool words,
bird,bird,word,Preferred Items,Marvin 330 preschool words,,Tier 3 - Reference expansion,core,noun,,things,general vocabulary,,Yes,No,No,,,Reference expansion from Marvin et al. 330 preschool words,
birds,birds,word,Preferred Items,Marvin 330 preschool words,,Tier 3 - Reference expansion,core,noun,,things,general vocabulary,,Yes,No,No,,,Reference expansion from Marvin et al. 330 preschool words,
bite,bite,word,Actions,Marvin 330 preschool words,,Tier 3 - Reference expansion,core,verb/action,,actions,general vocabulary,,Yes,No,No,,,Reference expansion from Marvin et al. 330 preschool words,
both,both,word,Uncategorized,Marvin 330 preschool words,,Tier 3 - Reference expansion,fringe/personalizable,word,,more,general vocabulary,,Yes,No,No,,,Reference expansion from Marvin et al. 330 preschool words,
box,box,word,Preferred Items,Marvin 330 preschool words,,Tier 3 - Reference expansion,fringe/personalizable,noun,,things,description/labeling,,Yes,No,Yes,,I want ___; I need ___,Reference expansion from Marvin et al. 330 preschool words,
boy,boy,word,People/Pronouns/Possessives,Marvin 330 preschool words,,Tier 3 - Reference expansion,core,pronoun/person,,people,general vocabulary,,Yes,No,No,,,Reference expansion from Marvin et al. 330 preschool words,
bugs,bugs,word,Preferred Items,Marvin 330 preschool words,,Tier 3 - Reference expansion,fringe/personalizable,noun,,things,general vocabulary,,Yes,No,No,,,Reference expansion from Marvin et al. 330 preschool words,
but,but,word,Function/Core,Marvin 330 preschool words,,Tier 3 - Reference expansion,core,word,,more,general vocabulary,,Yes,No,No,,,Reference expansion from Marvin et al. 330 preschool words,
buy,buy,word,Actions,Marvin 330 preschool words,,Tier 3 - Reference expansion,core,verb/action,,actions,general vocabulary,,Yes,No,No,,,Reference expansion from Marvin et al. 330 preschool words,
by,by,word,Function/Core,Marvin 330 preschool words,,Tier 3 - Reference expansion,core,location/preposition,,more,general vocabulary,,Yes,No,No,,,Reference expansion from Marvin et al. 330 preschool words,
bye,bye,word,Social,Marvin 330 preschool words,,Tier 3 - Reference expansion,core,word,,core,social,,Yes,No,No,,,Reference expansion from Marvin et al. 330 preschool words,
call,call,word,Actions,Marvin 330 preschool words,,Tier 3 - Reference expansion,core,verb/action,,actions,general vocabulary,,Yes,No,No,,,Reference expansion from Marvin et al. 330 preschool words,
came,came,word,Actions,Marvin 330 preschool words,,Tier 3 - Reference expansion,core,verb/action,,actions,general vocabulary,,Yes,No,No,,,Reference expansion from Marvin et al. 330 preschool words,
can,can,word,Function/Core,Marvin 330 preschool words,,Tier 3 - Reference expansion,fringe/personalizable,verb/action,,more,general vocabulary,,Yes,No,No,,,Reference expansion from Marvin et al. 330 preschool words,
catch,catch,word,Actions,Marvin 330 preschool words,,Tier 3 - Reference expansion,core,verb/action,,actions,general vocabulary,,Yes,No,No,,,Reference expansion from Marvin et al. 330 preschool words,
cause,cause,word,Actions,Marvin 330 preschool words,,Tier 3 - Reference expansion,core,verb/action,,actions,general vocabulary,,Yes,No,No,,,Reference expansion from Marvin et al. 330 preschool words,
chair,chair,word,Preferred Items,Marvin 330 preschool words,,Tier 3 - Reference expansion,fringe/personalizable,noun,,things,description/labeling,,Yes,No,Yes,,I want ___; I need ___,Reference expansion from Marvin et al. 330 preschool words,
come,come,word,Actions,Marvin 330 preschool words,,Tier 3 - Reference expansion,core,verb/action,,actions,general vocabulary,,Yes,No,No,,,Reference expansion from Marvin et al. 330 preschool words,
comes,comes,word,Actions,Marvin 330 preschool words,,Tier 3 - Reference expansion,core,verb/action,,actions,general vocabulary,,Yes,No,No,,,Reference expansion from Marvin et al. 330 preschool words,
corn,corn,word,Food/Drink,Marvin 330 preschool words,,Tier 3 - Reference expansion,fringe/personalizable,noun,,food,general vocabulary,,Yes,No,No,,I want ___; I need ___,Reference expansion from Marvin et al. 330 preschool words,
could,could,word,Function/Core,Marvin 330 preschool words,,Tier 3 - Reference expansion,fringe/personalizable,verb/action,,more,general vocabulary,,Yes,No,No,,,Reference expansion from Marvin et al. 330 preschool words,
cup,cup,word,Food/Drink,Marvin 330 preschool words,,Tier 3 - Reference expansion,fringe/personalizable,noun,,food,general vocabulary,,Yes,No,No,,,Reference expansion from Marvin et al. 330 preschool words,
cut,cut,word,Actions,Marvin 330 preschool words,,Tier 3 - Reference expansion,core,verb/action,,actions,general vocabulary,,Yes,No,No,,,Reference expansion from Marvin et al. 330 preschool words,
day,day,word,Uncategorized,Marvin 330 preschool words,,Tier 3 - Reference expansion,fringe/personalizable,noun,,more,general vocabulary,,Yes,No,No,,,Reference expansion from Marvin et al. 330 preschool words,
did,did,word,Function/Core,Marvin 330 preschool words,,Tier 3 - Reference expansion,core,verb/action,,more,general vocabulary,,Yes,No,No,,,Reference expansion from Marvin et al. 330 preschool words,
didn't,didn't,word,Function/Core,Marvin 330 preschool words,,Tier 3 - Reference expansion,core,verb/action,,more,general vocabulary,,Yes,No,No,,,Reference expansion from Marvin et al. 330 preschool words,
different,different,word,Negation/Repair,Marvin 330 preschool words,,Tier 1 - Phase I MVP,core,negation/repair,,core,refusal/protest; repair,Repair,Yes,Yes,No,,I don't want that; All done; Different,Promoted from Tier 3 Descriptors per Validation D/F report: core repair word,
doctor,doctor,word,People/Pronouns/Possessives,Marvin 330 preschool words,,Tier 3 - Reference expansion,core,pronoun/person,,people,general vocabulary,,Yes,No,No,,,Reference expansion from Marvin et al. 330 preschool words,
does,does,word,Actions,Marvin 330 preschool words,,Tier 3 - Reference expansion,core,verb/action,,actions,general vocabulary,,Yes,No,No,,,Reference expansion from Marvin et al. 330 preschool words,
doesn't,doesn't,word,Actions,Marvin 330 preschool words,,Tier 3 - Reference expansion,core,verb/action,,more,general vocabulary,,Yes,No,No,,,Reference expansion from Marvin et al. 330 preschool words,
doing,doing,word,Actions,Marvin 330 preschool words,,Tier 3 - Reference expansion,core,verb/action,,actions,general vocabulary,,Yes,No,No,,,Reference expansion from Marvin et al. 330 preschool words,
don't,don't,word,Actions,Marvin 330 preschool words,,Tier 3 - Reference expansion,core,verb/action,,more,general vocabulary,,Yes,No,No,,,Reference expansion from Marvin et al. 330 preschool words,
done,done,word,Actions,Marvin 330 preschool words,,Tier 3 - Reference expansion,core,verb/action,,more,general vocabulary,,Yes,No,No,,,Reference expansion from Marvin et al. 330 preschool words,
door,door,word,Preferred Items,Marvin 330 preschool words,,Tier 3 - Reference expansion,core,noun,,things,general vocabulary,,Yes,No,No,,,Reference expansion from Marvin et al. 330 preschool words,
duck,duck,word,Preferred Items,Marvin 330 preschool words,,Tier 3 - Reference expansion,fringe/personalizable,noun,,things,description/labeling,,Yes,No,Yes,,I want ___; I need ___,Reference expansion from Marvin et al. 330 preschool words,
eating,eating,word,Actions,Marvin 330 preschool words,,Tier 3 - Reference expansion,core,verb/action,,actions,request,,Yes,No,No,,,Reference expansion from Marvin et al. 330 preschool words,
else,else,word,Uncategorized,Marvin 330 preschool words,,Tier 3 - Reference expansion,fringe/personalizable,word,,more,general vocabulary,,Yes,No,No,,,Reference expansion from Marvin et al. 330 preschool words,
even,even,word,Uncategorized,Marvin 330 preschool words,,Tier 3 - Reference expansion,fringe/personalizable,word,,more,general vocabulary,,Yes,No,No,,,Reference expansion from Marvin et al. 330 preschool words,
everybody,everybody,word,People/Pronouns/Possessives,Marvin 330 preschool words,,Tier 3 - Reference expansion,core,pronoun/person,,people,general vocabulary,,Yes,No,No,,,Reference expansion from Marvin et al. 330 preschool words,
everything,everything,word,Function/Core,Marvin 330 preschool words,,Tier 3 - Reference expansion,fringe/personalizable,location/preposition,,more,social,,Yes,No,No,,,Reference expansion from Marvin et al. 330 preschool words,
face,face,word,Body Parts,Marvin 330 preschool words,,Tier 3 - Reference expansion,fringe/personalizable,noun,,things,description/labeling,,Yes,No,No,,,Reference expansion from Marvin et al. 330 preschool words,
fall,fall,word,Actions,Marvin 330 preschool words,,Tier 3 - Reference expansion,fringe/personalizable,verb/action,,actions,general vocabulary,,Yes,No,No,,,Reference expansion from Marvin et al. 330 preschool words,
find,find,word,Actions,Marvin 330 preschool words,,Tier 3 - Reference expansion,core,verb/action,,actions,general vocabulary,,Yes,No,No,,,Reference expansion from Marvin et al. 330 preschool words,
finger,finger,word,Body Parts,Marvin 330 preschool words,,Tier 3 - Reference expansion,fringe/personalizable,noun,,things,general vocabulary,,Yes,No,No,,,Reference expansion from Marvin et al. 330 preschool words,
fire,fire,word,Preferred Items,Marvin 330 preschool words,,Tier 3 - Reference expansion,core,noun,,things,general vocabulary,,Yes,No,No,,,Reference expansion from Marvin et al. 330 preschool words,
first,first,word,Descriptors,Marvin 330 preschool words,,Tier 3 - Reference expansion,core,word,,more,general vocabulary,,Yes,No,No,,,Reference expansion from Marvin et al. 330 preschool words,
five,five,word,Descriptors,Marvin 330 preschool words,,Tier 3 - Reference expansion,core,word,,more,general vocabulary,,Yes,No,No,,,Reference expansion from Marvin et al. 330 preschool words,
fixed,fixed,word,Actions,Marvin 330 preschool words,,Tier 3 - Reference expansion,core,verb/action,,actions,general vocabulary,,Yes,No,No,,,Reference expansion from Marvin et al. 330 preschool words,
fly,fly,word,Actions,Marvin 330 preschool words,,Tier 3 - Reference expansion,fringe/personalizable,verb/action,,actions,general vocabulary,,Yes,No,No,,,Reference expansion from Marvin et al. 330 preschool words,
foot,foot,word,Body Parts,Marvin 330 preschool words,,Tier 3 - Reference expansion,fringe/personalizable,noun,,things,description/labeling,,Yes,No,No,,,Reference expansion from Marvin et al. 330 preschool words,
for,for,word,Function/Core,Marvin 330 preschool words,,Tier 3 - Reference expansion,core,word,,more,general vocabulary,,Yes,No,No,,,Reference expansion from Marvin et al. 330 preschool words,
found,found,word,Actions,Marvin 330 preschool words,,Tier 3 - Reference expansion,fringe/personalizable,verb/action,,actions,general vocabulary,,Yes,No,No,,,Reference expansion from Marvin et al. 330 preschool words,
from,from,word,Function/Core,Marvin 330 preschool words,,Tier 3 - Reference expansion,core,location/preposition,,more,general vocabulary,,Yes,No,No,,,Reference expansion from Marvin et al. 330 preschool words,
get,get,word,Actions,Marvin 330 preschool words,,Tier 3 - Reference expansion,core,verb/action,,actions,general vocabulary,,Yes,No,No,,,Reference expansion from Marvin et al. 330 preschool words,
gets,gets,word,Actions,Marvin 330 preschool words,,Tier 3 - Reference expansion,core,verb/action,,actions,general vocabulary,,Yes,No,No,,,Reference expansion from Marvin et al. 330 preschool words,
getting,getting,word,Actions,Marvin 330 preschool words,,Tier 3 - Reference expansion,core,verb/action,,actions,general vocabulary,,Yes,No,No,,,Reference expansion from Marvin et al. 330 preschool words,
girl,girl,word,People/Pronouns/Possessives,Marvin 330 preschool words,,Tier 3 - Reference expansion,core,pronoun/person,,people,general vocabulary,,Yes,No,No,,,Reference expansion from Marvin et al. 330 preschool words,
girls,girls,word,People/Pronouns/Possessives,Marvin 330 preschool words,,Tier 3 - Reference expansion,core,pronoun/person,,people,general vocabulary,,Yes,No,No,,,Reference expansion from Marvin et al. 330 preschool words,
give,give,word,Actions,Marvin 330 preschool words,,Tier 3 - Reference expansion,core,verb/action,,actions,general vocabulary,,Yes,No,No,,,Reference expansion from Marvin et al. 330 preschool words,
goes,goes,word,Actions,Marvin 330 preschool words,,Tier 3 - Reference expansion,core,verb/action,,actions,general vocabulary,,Yes,No,No,,,Reference expansion from Marvin et al. 330 preschool words,
going,going,word,Actions,Marvin 330 preschool words,,Tier 3 - Reference expansion,core,verb/action,,actions,general vocabulary,,Yes,No,No,,,Reference expansion from Marvin et al. 330 preschool words,
gonna,gonna,word,Actions,Marvin 330 preschool words,,Tier 3 - Reference expansion,core,verb/action,,more,general vocabulary,,Yes,No,No,,,Reference expansion from Marvin et al. 330 preschool words,
great,great,word,Feelings,Marvin 330 preschool words,,Tier 3 - Reference expansion,core,descriptor/adjective,,feelings,request,,Yes,No,No,,,Reference expansion from Marvin et al. 330 preschool words,
guys,guys,word,People/Pronouns/Possessives,Marvin 330 preschool words,,Tier 3 - Reference expansion,core,pronoun/person,,people,general vocabulary,,Yes,No,No,,,Reference expansion from Marvin et al. 330 preschool words,
had,had,word,Function/Core,Marvin 330 preschool words,,Tier 3 - Reference expansion,fringe/personalizable,verb/action,,more,general vocabulary,,Yes,No,No,,,Reference expansion from Marvin et al. 330 preschool words,
hair,hair,word,Body Parts,Marvin 330 preschool words,,Tier 3 - Reference expansion,core,noun,,things,general vocabulary,,Yes,No,No,,,Reference expansion from Marvin et al. 330 preschool words,
hands,hands,word,Body Parts,Marvin 330 preschool words,,Tier 3 - Reference expansion,fringe/personalizable,noun,,things,description/labeling,,Yes,No,No,,,Reference expansion from Marvin et al. 330 preschool words,
has,has,word,Function/Core,Marvin 330 preschool words,,Tier 3 - Reference expansion,fringe/personalizable,verb/action,,more,general vocabulary,,Yes,No,No,,,Reference expansion from Marvin et al. 330 preschool words,
have,have,word,Function/Core,Marvin 330 preschool words,,Tier 3 - Reference expansion,fringe/personalizable,verb/action,,more,general vocabulary,,Yes,No,No,,,Reference expansion from Marvin et al. 330 preschool words,
he's,he's,word,People/Pronouns/Possessives,Marvin 330 preschool words,,Tier 3 - Reference expansion,core,pronoun/person,,people,general vocabulary,,Yes,No,No,,,Reference expansion from Marvin et al. 330 preschool words,
head,head,word,Body Parts,Marvin 330 preschool words,,Tier 3 - Reference expansion,core,noun,,things,general vocabulary,,Yes,No,No,,,Reference expansion from Marvin et al. 330 preschool words,
hear,hear,word,Actions,Marvin 330 preschool words,,Tier 3 - Reference expansion,core,verb/action,,actions,general vocabulary,,Yes,No,No,,,Reference expansion from Marvin et al. 330 preschool words,
her,her,word,People/Pronouns/Possessives,Marvin 330 preschool words,,Tier 3 - Reference expansion,core,pronoun/person,,people,general vocabulary,,Yes,No,No,,,Reference expansion from Marvin et al. 330 preschool words,
here,here,word,Descriptors,Marvin 330 preschool words,,Tier 3 - Reference expansion,core,word,,more,general vocabulary,,Yes,No,No,,,Reference expansion from Marvin et al. 330 preschool words,
here's,here's,word,Descriptors,Marvin 330 preschool words,,Tier 3 - Reference expansion,core,word,,more,general vocabulary,,Yes,No,No,,,Reference expansion from Marvin et al. 330 preschool words,
high,high,word,Descriptors,Marvin 330 preschool words,,Tier 3 - Reference expansion,core,descriptor/adjective,,describe,social,,Yes,No,No,,,Reference expansion from Marvin et al. 330 preschool words,
hill,hill,word,Places,Marvin 330 preschool words,,Tier 3 - Reference expansion,core,noun,,things,social,,Yes,No,No,,,Reference expansion from Marvin et al. 330 preschool words,
him,him,word,People/Pronouns/Possessives,Marvin 330 preschool words,,Tier 3 - Reference expansion,core,pronoun/person,,people,social,,Yes,No,No,,,Reference expansion from Marvin et al. 330 preschool words,
his,his,word,People/Pronouns/Possessives,Marvin 330 preschool words,,Tier 3 - Reference expansion,core,pronoun/person,,people,social,,Yes,No,No,,,Reference expansion from Marvin et al. 330 preschool words,
hold,hold,word,Actions,Marvin 330 preschool words,,Tier 3 - Reference expansion,core,verb/action,,actions,general vocabulary,,Yes,No,No,,,Reference expansion from Marvin et al. 330 preschool words,
horse,horse,word,Preferred Items,Marvin 330 preschool words,,Tier 3 - Reference expansion,fringe/personalizable,noun,,things,description/labeling,,Yes,No,Yes,,I want ___; I need ___,Reference expansion from Marvin et al. 330 preschool words,
hot,hot,word,Descriptors,Marvin 330 preschool words,,Tier 3 - Reference expansion,fringe/personalizable,descriptor/adjective,,describe,description/labeling,,Yes,No,No,,,Reference expansion from Marvin et al. 330 preschool words,
house,house,word,Places,Marvin 330 preschool words,,Tier 3 - Reference expansion,core,noun,,things,general vocabulary,,Yes,No,No,,,Reference expansion from Marvin et al. 330 preschool words,
how,how,word,Question Words,Marvin 330 preschool words,,Tier 3 - Reference expansion,core,question word,,more,general vocabulary,,Yes,No,No,,,Reference expansion from Marvin et al. 330 preschool words,
huh,huh,word,Uncategorized,Marvin 330 preschool words,,Tier 3 - Reference expansion,fringe/personalizable,word,,more,general vocabulary,,Yes,No,No,,,Reference expansion from Marvin et al. 330 preschool words,
hum,hum,word,Actions,Marvin 330 preschool words,,Tier 3 - Reference expansion,fringe/personalizable,verb/action,,more,general vocabulary,,Yes,No,No,,,Reference expansion from Marvin et al. 330 preschool words,
i'll,I'll,word,People/Pronouns/Possessives,Marvin 330 preschool words,,Tier 3 - Reference expansion,core,pronoun/person,,people,general vocabulary,,Yes,No,No,,,Reference expansion from Marvin et al. 330 preschool words,
i'm,I'm,word,People/Pronouns/Possessives,Marvin 330 preschool words,,Tier 3 - Reference expansion,core,pronoun/person,,people,general vocabulary,,Yes,No,No,,,Reference expansion from Marvin et al. 330 preschool words,
if,if,word,Descriptors,Marvin 330 preschool words,,Tier 3 - Reference expansion,core,word,,more,general vocabulary,,Yes,No,No,,,Reference expansion from Marvin et al. 330 preschool words,
inside,inside,word,Descriptors,Marvin 330 preschool words,,Tier 3 - Reference expansion,fringe/personalizable,location/preposition,,describe,general vocabulary,,Yes,No,No,,,Reference expansion from Marvin et al. 330 preschool words,
is,is,word,Function/Core,Marvin 330 preschool words,,Tier 3 - Reference expansion,core,verb/action,,more,general vocabulary,,Yes,No,No,,,Reference expansion from Marvin et al. 330 preschool words,
isn't,isn't,word,Function/Core,Marvin 330 preschool words,,Tier 3 - Reference expansion,core,verb/action,,more,general vocabulary,,Yes,No,No,,,Reference expansion from Marvin et al. 330 preschool words,
it,it,word,People/Pronouns/Possessives,Marvin 330 preschool words,,Tier 3 - Reference expansion,core,pronoun/person,,people,general vocabulary,,Yes,No,No,,,Reference expansion from Marvin et al. 330 preschool words,
it's,it's,word,People/Pronouns/Possessives,Marvin 330 preschool words,,Tier 3 - Reference expansion,core,pronoun/person,,people,general vocabulary,,Yes,No,No,,,Reference expansion from Marvin et al. 330 preschool words,
jumped,jumped,word,Actions,Marvin 330 preschool words,,Tier 3 - Reference expansion,core,verb/action,,actions,general vocabulary,,Yes,No,No,,,Reference expansion from Marvin et al. 330 preschool words,
jumping,jumping,word,Actions,Marvin 330 preschool words,,Tier 3 - Reference expansion,core,verb/action,,actions,general vocabulary,,Yes,No,No,,,Reference expansion from Marvin et al. 330 preschool words,
just,just,word,Function/Core,Marvin 330 preschool words,,Tier 3 - Reference expansion,core,word,,more,general vocabulary,,Yes,No,No,,,Reference expansion from Marvin et al. 330 preschool words,
kind,kind,word,Descriptors,Marvin 330 preschool words,,Tier 3 - Reference expansion,fringe/personalizable,descriptor/adjective,,feelings,general vocabulary,,Yes,No,No,,,Reference expansion from Marvin et al. 330 preschool words,
last,last,word,Function/Core,Marvin 330 preschool words,,Tier 3 - Reference expansion,fringe/personalizable,location/preposition,,more,general vocabulary,,Yes,No,No,,,Reference expansion from Marvin et al. 330 preschool words,
leaves,leaves,word,Preferred Items,Marvin 330 preschool words,,Tier 3 - Reference expansion,fringe/personalizable,noun,,things,general vocabulary,,Yes,No,No,,,Reference expansion from Marvin et al. 330 preschool words,
let,let,word,Actions,Marvin 330 preschool words,,Tier 3 - Reference expansion,fringe/personalizable,verb/action,,actions,general vocabulary,,Yes,No,No,,,Reference expansion from Marvin et al. 330 preschool words,
let's,let's,word,Actions,Marvin 330 preschool words,,Tier 3 - Reference expansion,fringe/personalizable,verb/action,,actions,general vocabulary,,Yes,No,No,,,Reference expansion from Marvin et al. 330 preschool words,
lift,lift,word,Actions,Marvin 330 preschool words,,Tier 3 - Reference expansion,core,verb/action,,actions,general vocabulary,,Yes,No,No,,,Reference expansion from Marvin et al. 330 preschool words,
long,long,word,Descriptors,Marvin 330 preschool words,,Tier 3 - Reference expansion,fringe/personalizable,descriptor/adjective,,more,general vocabulary,,Yes,No,No,,,Reference expansion from Marvin et al. 330 preschool words,
look,look,word,Actions,Marvin 330 preschool words,,Tier 3 - Reference expansion,core,verb/action,,actions,general vocabulary,,Yes,No,No,,,Reference expansion from Marvin et al. 330 preschool words,
looking,looking,word,Actions,Marvin 330 preschool words,,Tier 3 - Reference expansion,core,verb/action,,actions,general vocabulary,,Yes,No,No,,,Reference expansion from Marvin et al. 330 preschool words,
lot,lot,word,Descriptors,Marvin 330 preschool words,,Tier 3 - Reference expansion,fringe/personalizable,descriptor/adjective,,more,general vocabulary,,Yes,No,No,,,Reference expansion from Marvin et al. 330 preschool words,
lunch,lunch,word,Food/Drink,Marvin 330 preschool words,,Tier 3 - Reference expansion,fringe/personalizable,noun,,food,general vocabulary,,Yes,No,No,,I want ___; I need ___,Reference expansion from Marvin et al. 330 preschool words,
man,man,word,People/Pronouns/Possessives,Marvin 330 preschool words,,Tier 3 - Reference expansion,fringe/personalizable,pronoun/person,,people,general vocabulary,,Yes,No,No,,,Reference expansion from Marvin et al. 330 preschool words,
many,many,word,Descriptors,Marvin 330 preschool words,,Tier 3 - Reference expansion,fringe/personalizable,descriptor/adjective,,more,general vocabulary,,Yes,No,No,,,Reference expansion from Marvin et al. 330 preschool words,
may,may,word,Function/Core,Marvin 330 preschool words,,Tier 3 - Reference expansion,fringe/personalizable,verb/action,,more,general vocabulary,,Yes,No,No,,,Reference expansion from Marvin et al. 330 preschool words,
maybe,maybe,word,Uncategorized,Marvin 330 preschool words,,Tier 3 - Reference expansion,fringe/personalizable,word,,more,general vocabulary,,Yes,No,No,,,Reference expansion from Marvin et al. 330 preschool words,
mean,mean,word,Feelings,Marvin 330 preschool words,,Tier 3 - Reference expansion,core,descriptor/adjective,,feelings,general vocabulary,,Yes,No,No,,,Reference expansion from Marvin et al. 330 preschool words,
messy,messy,word,Descriptors,Marvin 330 preschool words,,Tier 3 - Reference expansion,core,descriptor/adjective,,more,general vocabulary,,Yes,No,No,,,Reference expansion from Marvin et al. 330 preschool words,
middle,middle,word,Descriptors,Marvin 330 preschool words,,Tier 3 - Reference expansion,core,location/preposition,,more,general vocabulary,,Yes,No,No,,,Reference expansion from Marvin et al. 330 preschool words,
mommy,mommy,word,People/Pronouns/Possessives,Marvin 330 preschool words,,Tier 3 - Reference expansion,core,pronoun/person,,people,general vocabulary,,Yes,No,No,,,Reference expansion from Marvin et al. 330 preschool words,
most,most,word,Uncategorized,Marvin 330 preschool words,,Tier 3 - Reference expansion,fringe/personalizable,noun,,more,general vocabulary,,Yes,No,No,,,Reference expansion from Marvin et al. 330 preschool words,
move,move,word,Actions,Marvin 330 preschool words,,Tier 3 - Reference expansion,fringe/personalizable,verb/action,,actions,general vocabulary,,Yes,No,No,,,Reference expansion from Marvin et al. 330 preschool words,
much,much,word,Descriptors,Marvin 330 preschool words,,Tier 3 - Reference expansion,fringe/personalizable,descriptor/adjective,,more,general vocabulary,,Yes,No,No,,,Reference expansion from Marvin et al. 330 preschool words,
must,must,word,Descriptors,Marvin 330 preschool words,,Tier 3 - Reference expansion,core,word,,more,general vocabulary,,Yes,No,No,,,Reference expansion from Marvin et al. 330 preschool words,
myself,myself,word,People/Pronouns/Possessives,Marvin 330 preschool words,,Tier 3 - Reference expansion,core,pronoun/person,,people,general vocabulary,,Yes,No,No,,,Reference expansion from Marvin et al. 330 preschool words,
name,Name,word,People/Pronouns/Possessives,Marvin 330 preschool words,,Tier 3 - Reference expansion,core,noun,,people,general vocabulary,,Yes,No,No,,,Reference expansion from Marvin et al. 330 preschool words,
named,named,word,Descriptors,Marvin 330 preschool words,,Tier 3 - Reference expansion,core,descriptor/adjective,,people,general vocabulary,,Yes,No,No,,,Reference expansion from Marvin et al. 330 preschool words,
never,never,word,Descriptors,Marvin 330 preschool words,,Tier 3 - Reference expansion,fringe/personalizable,descriptor/adjective,,more,general vocabulary,,Yes,No,No,,,Reference expansion from Marvin et al. 330 preschool words,
new,new,word,Descriptors,Marvin 330 preschool words,,Tier 3 - Reference expansion,fringe/personalizable,descriptor/adjective,,more,general vocabulary,,Yes,No,No,,,Reference expansion from Marvin et al. 330 preschool words,
next,next,word,Descriptors,Marvin 330 preschool words,,Tier 3 - Reference expansion,fringe/personalizable,descriptor/adjective,,more,general vocabulary,,Yes,No,No,,,Reference expansion from Marvin et al. 330 preschool words,
nice,nice,word,Descriptors,Marvin 330 preschool words,,Tier 3 - Reference expansion,fringe/personalizable,descriptor/adjective,,feelings,description/labeling,,Yes,No,No,,,Reference expansion from Marvin et al. 330 preschool words,
of,of,word,Function/Core,Marvin 330 preschool words,,Tier 3 - Reference expansion,core,location/preposition,,more,general vocabulary,,Yes,No,No,,,Reference expansion from Marvin et al. 330 preschool words,
oh,oh,word,Uncategorized,Marvin 330 preschool words,,Tier 3 - Reference expansion,fringe/personalizable,word,,more,general vocabulary,,Yes,No,No,,,Reference expansion from Marvin et al. 330 preschool words,
old,old,word,Descriptors,Marvin 330 preschool words,,Tier 3 - Reference expansion,fringe/personalizable,descriptor/adjective,,more,general vocabulary,,Yes,No,No,,,Reference expansion from Marvin et al. 330 preschool words,
on,on,word,Function/Core,Marvin 330 preschool words,,Tier 3 - Reference expansion,core,location/preposition,,more,general vocabulary,,Yes,No,No,,,Reference expansion from Marvin et al. 330 preschool words,
one,one,word,Uncategorized,Marvin 330 preschool words,,Tier 3 - Reference expansion,fringe/personalizable,word,,more,general vocabulary,,Yes,No,No,,,Reference expansion from Marvin et al. 330 preschool words,
only,only,word,Uncategorized,Marvin 330 preschool words,,Tier 3 - Reference expansion,fringe/personalizable,word,,more,general vocabulary,,Yes,No,No,,,Reference expansion from Marvin et al. 330 preschool words,
or,or,word,Function/Core,Marvin 330 preschool words,,Tier 3 - Reference expansion,core,word,,more,general vocabulary,,Yes,No,No,,,Reference expansion from Marvin et al. 330 preschool words,
our,our,word,People/Pronouns/Possessives,Marvin 330 preschool words,,Tier 3 - Reference expansion,core,pronoun/person,,people,general vocabulary,,Yes,No,No,,,Reference expansion from Marvin et al. 330 preschool words,
ours,ours,word,People/Pronouns/Possessives,Marvin 330 preschool words,,Tier 3 - Reference expansion,core,pronoun/person,,people,general vocabulary,,Yes,No,No,,,Reference expansion from Marvin et al. 330 preschool words,
over,over,word,Function/Core,Marvin 330 preschool words,,Tier 3 - Reference expansion,core,location/preposition,,more,general vocabulary,,Yes,No,No,,,Reference expansion from Marvin et al. 330 preschool words,
paint,paint,word,Preferred Items,Marvin 330 preschool words,,Tier 3 - Reference expansion,fringe/personalizable,noun,,things,general vocabulary,,Yes,No,No,,,Reference expansion from Marvin et al. 330 preschool words,
people,people,word,People/Pronouns/Possessives,Marvin 330 preschool words,,Tier 3 - Reference expansion,core,pronoun/person,,people,general vocabulary,,Yes,No,No,,,Reference expansion from Marvin et al. 330 preschool words,
pet,pet,word,Preferred Items,Marvin 330 preschool words,,Tier 3 - Reference expansion,fringe/personalizable,noun,,things,general vocabulary,,Yes,No,No,,,Reference expansion from Marvin et al. 330 preschool words,
pick,pick,word,Actions,Marvin 330 preschool words,,Tier 3 - Reference expansion,core,verb/action,,actions,general vocabulary,,Yes,No,No,,,Reference expansion from Marvin et al. 330 preschool words,
piece,piece,word,Preferred Items,Marvin 330 preschool words,,Tier 3 - Reference expansion,core,noun,,things,general vocabulary,,Yes,No,No,,,Reference expansion from Marvin et al. 330 preschool words,
please,please,word,Social,Marvin 330 preschool words,,Tier 3 - Reference expansion,core,word,,core,social,,Yes,No,No,,,Reference expansion from Marvin et al. 330 preschool words,
ready,ready,word,Actions,Marvin 330 preschool words,,Tier 3 - Reference expansion,core,verb/action,,more,general vocabulary,,Yes,No,No,,,Reference expansion from Marvin et al. 330 preschool words,
really,really,word,Uncategorized,Marvin 330 preschool words,,Tier 3 - Reference expansion,fringe/personalizable,word,,more,general vocabulary,,Yes,No,No,,,Reference expansion from Marvin et al. 330 preschool words,
remember,remember,word,Actions,Marvin 330 preschool words,,Tier 3 - Reference expansion,core,verb/action,,actions,general vocabulary,,Yes,No,No,,,Reference expansion from Marvin et al. 330 preschool words,
ride,ride,word,Actions,Marvin 330 preschool words,,Tier 3 - Reference expansion,core,verb/action,,actions,general vocabulary,,Yes,No,No,,,Reference expansion from Marvin et al. 330 preschool words,
right,right,word,Descriptors,Marvin 330 preschool words,,Tier 3 - Reference expansion,fringe/personalizable,descriptor/adjective,,more,description/labeling,,Yes,No,No,,,Reference expansion from Marvin et al. 330 preschool words,
room,room,word,Places,Marvin 330 preschool words,,Tier 3 - Reference expansion,fringe/personalizable,location/preposition,,things,general vocabulary,,Yes,No,No,,,Reference expansion from Marvin et al. 330 preschool words,
said,said,word,Actions,Marvin 330 preschool words,,Tier 3 - Reference expansion,core,verb/action,,actions,general vocabulary,,Yes,No,No,,,Reference expansion from Marvin et al. 330 preschool words,
same,same,word,Descriptors,Marvin 330 preschool words,,Tier 3 - Reference expansion,fringe/personalizable,descriptor/adjective,,more,description/labeling,,Yes,No,No,,,Reference expansion from Marvin et al. 330 preschool words,
saw,saw,word,Actions,Marvin 330 preschool words,,Tier 3 - Reference expansion,fringe/personalizable,verb/action,,actions,general vocabulary,,Yes,No,No,,,Reference expansion from Marvin et al. 330 preschool words,
say,say,word,Actions,Marvin 330 preschool words,,Tier 3 - Reference expansion,core,verb/action,,actions,general vocabulary,,Yes,No,No,,,Reference expansion from Marvin et al. 330 preschool words,
she's,she's,word,People/Pronouns/Possessives,Marvin 330 preschool words,,Tier 3 - Reference expansion,core,pronoun/person,,people,general vocabulary,,Yes,No,No,,,Reference expansion from Marvin et al. 330 preschool words,
show,show,word,Actions,Marvin 330 preschool words,,Tier 3 - Reference expansion,core,verb/action,,actions,general vocabulary,,Yes,No,No,,,Reference expansion from Marvin et al. 330 preschool words,
shut,shut,word,Actions,Marvin 330 preschool words,,Tier 3 - Reference expansion,core,verb/action,,actions,general vocabulary,,Yes,No,No,,,Reference expansion from Marvin et al. 330 preschool words,
side,side,word,Descriptors,Marvin 330 preschool words,,Tier 3 - Reference expansion,core,noun,,more,general vocabulary,,Yes,No,No,,,Reference expansion from Marvin et al. 330 preschool words,
sit,sit,word,Actions,Marvin 330 preschool words,,Tier 3 - Reference expansion,core,verb/action,,actions,general vocabulary,,Yes,No,No,,,Reference expansion from Marvin et al. 330 preschool words,
so,so,word,Uncategorized,Marvin 330 preschool words,,Tier 3 - Reference expansion,fringe/personalizable,word,,more,general vocabulary,,Yes,No,No,,,Reference expansion from Marvin et al. 330 preschool words,
some,some,word,Descriptors,Marvin 330 preschool words,,Tier 3 - Reference expansion,core,word,,more,general vocabulary,,Yes,No,No,,,Reference expansion from Marvin et al. 330 preschool words,
somebody,somebody,word,People/Pronouns/Possessives,Marvin 330 preschool words,,Tier 3 - Reference expansion,core,pronoun/person,,people,general vocabulary,,Yes,No,No,,,Reference expansion from Marvin et al. 330 preschool words,
someone,someone,word,People/Pronouns/Possessives,Marvin 330 preschool words,,Tier 3 - Reference expansion,core,pronoun/person,,people,general vocabulary,,Yes,No,No,,,Reference expansion from Marvin et al. 330 preschool words,
something,something,word,Descriptors,Marvin 330 preschool words,,Tier 3 - Reference expansion,fringe/personalizable,word,,more,social,,Yes,No,No,,,Reference expansion from Marvin et al. 330 preschool words,
sometimes,sometimes,word,Descriptors,Marvin 330 preschool words,,Tier 3 - Reference expansion,core,word,,more,general vocabulary,,Yes,No,No,,,Reference expansion from Marvin et al. 330 preschool words,
still,still,word,Uncategorized,Marvin 330 preschool words,,Tier 3 - Reference expansion,core,word,,more,general vocabulary,,Yes,No,No,,,Reference expansion from Marvin et al. 330 preschool words,
then,then,word,Uncategorized,Marvin 330 preschool words,,Tier 3 - Reference expansion,core,word,,more,general vocabulary,,Yes,No,No,,,Reference expansion from Marvin et al. 330 preschool words,
there,there,word,Uncategorized,Marvin 330 preschool words,,Tier 3 - Reference expansion,core,word,,more,general vocabulary,,Yes,No,No,,,Reference expansion from Marvin et al. 330 preschool words,
there's,there's,word,Uncategorized,Marvin 330 preschool words,,Tier 3 - Reference expansion,core,word,,more,general vocabulary,,Yes,No,No,,,Reference expansion from Marvin et al. 330 preschool words,
these,these,word,Uncategorized,Marvin 330 preschool words,,Tier 3 - Reference expansion,core,word,,more,general vocabulary,,Yes,No,No,,,Reference expansion from Marvin et al. 330 preschool words,
they,they,word,People/Pronouns/Possessives,Marvin 330 preschool words,,Tier 3 - Reference expansion,core,pronoun/person,,people,general vocabulary,,Yes,No,No,,,Reference expansion from Marvin et al. 330 preschool words,
they'll,they'll,word,People/Pronouns/Possessives,Marvin 330 preschool words,,Tier 3 - Reference expansion,core,pronoun/person,,people,general vocabulary,,Yes,No,No,,,Reference expansion from Marvin et al. 330 preschool words,
they're,they're,word,People/Pronouns/Possessives,Marvin 330 preschool words,,Tier 3 - Reference expansion,core,pronoun/person,,people,general vocabulary,,Yes,No,No,,,Reference expansion from Marvin et al. 330 preschool words,
thing,thing,word,Preferred Items,Marvin 330 preschool words,,Tier 3 - Reference expansion,fringe/personalizable,noun,,things,social,,Yes,No,No,,,Reference expansion from Marvin et al. 330 preschool words,
things,things,word,Preferred Items,Marvin 330 preschool words,,Tier 3 - Reference expansion,fringe/personalizable,noun,,things,social,,Yes,No,No,,,Reference expansion from Marvin et al. 330 preschool words,
this,this,word,Function/Core,Marvin 330 preschool words,,Tier 3 - Reference expansion,core,word,,more,social,,Yes,No,No,,,Reference expansion from Marvin et al. 330 preschool words,
those,those,word,Function/Core,Marvin 330 preschool words,,Tier 3 - Reference expansion,core,word,,more,general vocabulary,,Yes,No,No,,,Reference expansion from Marvin et al. 330 preschool words,
three,three,word,Descriptors,Marvin 330 preschool words,,Tier 3 - Reference expansion,fringe/personalizable,descriptor/adjective,,describe,general vocabulary,,Yes,No,No,,,Reference expansion from Marvin et al. 330 preschool words,
threw,threw,word,Actions,Marvin 330 preschool words,,Tier 3 - Reference expansion,fringe/personalizable,verb/action,,actions,general vocabulary,,Yes,No,No,,,Reference expansion from Marvin et al. 330 preschool words,
through,through,word,Descriptors,Marvin 330 preschool words,,Tier 3 - Reference expansion,fringe/personalizable,location/preposition,,more,general vocabulary,,Yes,No,No,,,Reference expansion from Marvin et al. 330 preschool words,
time,time,word,Function/Core,Marvin 330 preschool words,,Tier 3 - Reference expansion,core,word,,more,general vocabulary,,Yes,No,No,,,Reference expansion from Marvin et al. 330 preschool words,
to,to,word,Function/Core,Marvin 330 preschool words,,Tier 3 - Reference expansion,core,location/preposition,,more,general vocabulary,,Yes,No,No,,,Reference expansion from Marvin et al. 330 preschool words,
today,today,word,Function/Core,Marvin 330 preschool words,,Tier 3 - Reference expansion,fringe/personalizable,word,,more,general vocabulary,,Yes,No,No,,,Reference expansion from Marvin et al. 330 preschool words,
together,together,word,Descriptors,Marvin 330 preschool words,,Tier 3 - Reference expansion,core,descriptor/adjective,,describe,general vocabulary,,Yes,No,No,,,Reference expansion from Marvin et al. 330 preschool words,
too,too,word,Uncategorized,Marvin 330 preschool words,,Tier 3 - Reference expansion,fringe/personalizable,word,,more,general vocabulary,,Yes,No,No,,,Reference expansion from Marvin et al. 330 preschool words,
top,top,word,Descriptors,Marvin 330 preschool words,,Tier 3 - Reference expansion,fringe/personalizable,location/preposition,,describe,general vocabulary,,Yes,No,No,,,Reference expansion from Marvin et al. 330 preschool words,
toys,toys,word,Preferred Items,Marvin 330 preschool words,,Tier 3 - Reference expansion,fringe/personalizable,noun,,things,description/labeling,,Yes,No,Yes,,I want ___; I need ___,Reference expansion from Marvin et al. 330 preschool words,
trees,trees,word,Preferred Items,Marvin 330 preschool words,,Tier 3 - Reference expansion,fringe/personalizable,noun,,things,general vocabulary,,Yes,No,No,,,Reference expansion from Marvin et al. 330 preschool words,
try,try,word,Actions,Marvin 330 preschool words,,Tier 3 - Reference expansion,core,verb/action,,actions,general vocabulary,,Yes,No,No,,,Reference expansion from Marvin et al. 330 preschool words,
trying,trying,word,Actions,Marvin 330 preschool words,,Tier 3 - Reference expansion,core,verb/action,,actions,general vocabulary,,Yes,No,No,,,Reference expansion from Marvin et al. 330 preschool words,
turtles,turtles,word,Preferred Items,Marvin 330 preschool words,,Tier 3 - Reference expansion,fringe/personalizable,noun,,things,description/labeling,,Yes,No,Yes,,I want ___; I need ___,Reference expansion from Marvin et al. 330 preschool words,
two,two,word,Descriptors,Marvin 330 preschool words,,Tier 3 - Reference expansion,fringe/personalizable,descriptor/adjective,,more,general vocabulary,,Yes,No,No,,,Reference expansion from Marvin et al. 330 preschool words,
um,um,word,Uncategorized,Marvin 330 preschool words,,Tier 3 - Reference expansion,fringe/personalizable,word,,more,general vocabulary,,Yes,No,No,,,Reference expansion from Marvin et al. 330 preschool words,
us,us,word,People/Pronouns/Possessives,Marvin 330 preschool words,,Tier 3 - Reference expansion,core,pronoun/person,,people,general vocabulary,,Yes,No,No,,,Reference expansion from Marvin et al. 330 preschool words,
use,use,word,Actions,Marvin 330 preschool words,,Tier 3 - Reference expansion,core,verb/action,,actions,general vocabulary,,Yes,No,No,,,Reference expansion from Marvin et al. 330 preschool words,
used,used,word,Actions,Marvin 330 preschool words,,Tier 3 - Reference expansion,core,verb/action,,actions,general vocabulary,,Yes,No,No,,,Reference expansion from Marvin et al. 330 preschool words,
very,very,word,Uncategorized,Marvin 330 preschool words,,Tier 3 - Reference expansion,fringe/personalizable,word,,more,general vocabulary,,Yes,No,No,,,Reference expansion from Marvin et al. 330 preschool words,
wait,wait,word,Actions,Marvin 330 preschool words,,Tier 3 - Reference expansion,core,verb/action,,actions,general vocabulary,,Yes,No,No,,,Reference expansion from Marvin et al. 330 preschool words,
wanted,wanted,word,Actions,Marvin 330 preschool words,,Tier 3 - Reference expansion,core,verb/action,,actions,request,,Yes,No,No,,,Reference expansion from Marvin et al. 330 preschool words,
was,was,word,Function/Core,Marvin 330 preschool words,,Tier 3 - Reference expansion,core,verb/action,,more,general vocabulary,,Yes,No,No,,,Reference expansion from Marvin et al. 330 preschool words,
wasn't,wasn't,word,Uncategorized,Marvin 330 preschool words,,Tier 3 - Reference expansion,fringe/personalizable,word,,more,general vocabulary,,Yes,No,No,,,Reference expansion from Marvin et al. 330 preschool words,
watch,watch,word,Actions,Marvin 330 preschool words,,Tier 3 - Reference expansion,core,verb/action,,actions,general vocabulary,,Yes,No,No,,,Reference expansion from Marvin et al. 330 preschool words,
way,way,word,Uncategorized,Marvin 330 preschool words,,Tier 3 - Reference expansion,fringe/personalizable,noun,,more,general vocabulary,,Yes,No,No,,,Reference expansion from Marvin et al. 330 preschool words,
we,we,word,People/Pronouns/Possessives,Marvin 330 preschool words,,Tier 3 - Reference expansion,core,pronoun/person,,people,general vocabulary,,Yes,No,No,,,Reference expansion from Marvin et al. 330 preschool words,
we'll,we'll,word,People/Pronouns/Possessives,Marvin 330 preschool words,,Tier 3 - Reference expansion,core,pronoun/person,,people,general vocabulary,,Yes,No,No,,,Reference expansion from Marvin et al. 330 preschool words,
we're,we're,word,People/Pronouns/Possessives,Marvin 330 preschool words,,Tier 3 - Reference expansion,core,pronoun/person,,people,general vocabulary,,Yes,No,No,,,Reference expansion from Marvin et al. 330 preschool words,
well,well,word,Descriptors,Marvin 330 preschool words,,Tier 3 - Reference expansion,core,descriptor/adjective,,more,general vocabulary,,Yes,No,No,,,Reference expansion from Marvin et al. 330 preschool words,
went,went,word,Actions,Marvin 330 preschool words,,Tier 3 - Reference expansion,core,verb/action,,actions,general vocabulary,,Yes,No,No,,,Reference expansion from Marvin et al. 330 preschool words,
were,were,word,Function/Core,Marvin 330 preschool words,,Tier 3 - Reference expansion,core,verb/action,,more,general vocabulary,,Yes,No,No,,,Reference expansion from Marvin et al. 330 preschool words,
what,what,word,Question Words,Marvin 330 preschool words,,Tier 3 - Reference expansion,fringe/personalizable,question word,,more,description/labeling,,Yes,No,No,,I want ___; I need ___,Reference expansion from Marvin et al. 330 preschool words,
what's,what's,word,Question Words,Marvin 330 preschool words,,Tier 3 - Reference expansion,fringe/personalizable,question word,,more,description/labeling,,Yes,No,No,,I want ___; I need ___,Reference expansion from Marvin et al. 330 preschool words,
when,when,word,Question Words,Marvin 330 preschool words,,Tier 3 - Reference expansion,core,question word,,more,general vocabulary,,Yes,No,No,,,Reference expansion from Marvin et al. 330 preschool words,
where,where,word,Question Words,Marvin 330 preschool words,,Tier 3 - Reference expansion,core,question word,,more,general vocabulary,,Yes,No,No,,,Reference expansion from Marvin et al. 330 preschool words,
where's,where's,word,Question Words,Marvin 330 preschool words,,Tier 3 - Reference expansion,core,question word,,more,general vocabulary,,Yes,No,No,,,Reference expansion from Marvin et al. 330 preschool words,
which,which,word,Question Words,Marvin 330 preschool words,,Tier 3 - Reference expansion,core,question word,,more,social,,Yes,No,No,,,Reference expansion from Marvin et al. 330 preschool words,
while,while,word,Uncategorized,Marvin 330 preschool words,,Tier 3 - Reference expansion,core,word,,more,social,,Yes,No,No,,,Reference expansion from Marvin et al. 330 preschool words,
who,who,word,Question Words,Marvin 330 preschool words,,Tier 3 - Reference expansion,core,question word,,more,general vocabulary,,Yes,No,No,,,Reference expansion from Marvin et al. 330 preschool words,
whole,whole,word,Descriptors,Marvin 330 preschool words,,Tier 3 - Reference expansion,fringe/personalizable,descriptor/adjective,,more,description/labeling,,Yes,No,No,,,Reference expansion from Marvin et al. 330 preschool words,
why,why,word,Question Words,Marvin 330 preschool words,,Tier 3 - Reference expansion,core,question word,,more,general vocabulary,,Yes,No,No,,,Reference expansion from Marvin et al. 330 preschool words,
with,with,word,Descriptors,Marvin 330 preschool words,,Tier 3 - Reference expansion,core,descriptor/adjective,,more,general vocabulary,,Yes,No,No,,,Reference expansion from Marvin et al. 330 preschool words,
would,would,word,Function/Core,Marvin 330 preschool words,,Tier 3 - Reference expansion,fringe/personalizable,verb/action,,more,general vocabulary,,Yes,No,No,,,Reference expansion from Marvin et al. 330 preschool words,
ya,ya,word,Uncategorized,Marvin 330 preschool words,,Tier 3 - Reference expansion,fringe/personalizable,word,,more,general vocabulary,,Yes,No,No,,,Reference expansion from Marvin et al. 330 preschool words,
yet,yet,word,Descriptors,Marvin 330 preschool words,,Tier 3 - Reference expansion,fringe/personalizable,descriptor/adjective,,more,general vocabulary,,Yes,No,No,,,Reference expansion from Marvin et al. 330 preschool words,
you'll,you'll,word,People/Pronouns/Possessives,Marvin 330 preschool words,,Tier 3 - Reference expansion,core,pronoun/person,,people,general vocabulary,,Yes,No,No,,,Reference expansion from Marvin et al. 330 preschool words,
you're,you're,word,People/Pronouns/Possessives,Marvin 330 preschool words,,Tier 3 - Reference expansion,core,pronoun/person,,people,general vocabulary,,Yes,No,No,,,Reference expansion from Marvin et al. 330 preschool words,
yours,yours,word,People/Pronouns/Possessives,Marvin 330 preschool words,,Tier 3 - Reference expansion,core,pronoun/person,,people,general vocabulary,,Yes,No,No,,,Reference expansion from Marvin et al. 330 preschool words,
not that,Not that,phrase,Negation/Repair,Validation D/F report,Repair/refusal,Tier 1 - Phase I MVP,core,negation/repair,negation/repair,core,refusal/protest; repair,Rejecting; Repair,Yes,Yes,No,Not that / I don't want that / Different,,Key repair/refusal expression per Validation D/F report,
try again,Try again,phrase,Negation/Repair,Validation D/F report,Repair,Tier 2 - Faison expansion,core,phrase,negation/repair,core,repair,Repair,Yes,Yes,No,Try again / Different / I meant something else,,Repair pathway per Validation D/F report,
i meant something else,I meant something else,phrase,Negation/Repair,Validation D/F report,Repair,Tier 2 - Faison expansion,core,phrase,negation/repair,core,repair,Repair,Yes,Yes,No,I meant something else / Different / Try again,,Repair pathway per Validation D/F report,
